,Good/Bad
0,1
2,0
3,1
4,0
5,1
7,0
8,1
9,1
11,1
12,1
13,1
14,1
16,1
17,1
18,1
19,1
20,1
21,1
22,1
23,1
26,1
27,1
28,1
30,1
32,1
34,1
35,0
36,1
37,0
38,0
39,1
40,1
42,1
43,1
44,0
45,1
47,1
50,1
51,1
52,1
54,1
55,0
56,1
57,1
59,0
60,0
62,1
66,0
67,1
68,1
69,1
70,0
71,1
72,1
73,1
74,0
75,1
77,0
78,0
79,1
80,1
81,1
82,0
85,1
87,1
89,0
90,1
91,1
92,1
93,0
94,0
96,0
98,1
99,1
100,0
101,1
102,1
103,0
104,1
105,0
107,0
108,1
109,1
110,1
113,1
114,1
115,1
116,1
117,1
118,1
119,1
120,1
121,1
123,1
124,1
125,1
126,1
127,1
128,1
129,1
130,1
131,1
132,0
135,1
136,1
137,0
138,1
139,1
140,1
142,1
144,0
145,1
146,1
148,0
149,0
150,1
151,0
152,1
153,0
154,0
155,1
156,0
157,0
158,0
159,0
161,1
164,1
165,1
168,1
169,1
170,0
171,0
173,1
176,0
177,1
178,0
179,1
180,0
182,0
183,0
184,0
186,1
188,1
190,1
192,1
193,1
194,1
195,1
196,0
197,0
198,1
199,1
200,1
201,0
202,0
203,0
204,1
205,1
206,0
208,0
210,1
211,1
212,0
214,1
215,0
217,0
218,0
219,1
220,1
221,0
222,1
224,0
228,1
229,1
230,1
231,1
233,1
234,0
235,1
236,0
237,0
238,1
239,1
240,1
241,1
242,1
243,1
245,1
246,0
247,0
248,0
249,1
251,0
253,0
254,1
255,0
256,0
257,1
258,1
259,1
261,1
263,0
264,1
267,0
268,1
269,1
270,1
271,1
272,1
273,1
274,1
275,1
277,1
278,1
279,0
280,0
281,0
282,0
283,0
284,0
285,0
286,0
287,0
289,0
291,0
292,0
293,0
294,0
295,0
296,0
297,0
298,0
299,0
300,1
301,1
302,1
303,1
304,1
305,0
306,0
307,1
308,1
309,1
310,1
311,1
312,0
313,1
314,0
315,0
316,1
319,1
320,1
321,1
322,1
323,1
324,1
325,1
326,1
327,1
328,1
329,0
330,0
332,0
335,1
337,1
338,1
339,1
340,0
343,1
344,1
345,1
347,0
348,1
350,0
351,1
352,0
353,1
355,1
356,1
362,1
363,1
364,0
365,1
366,1
367,1
368,1
369,1
370,0
371,1
372,1
373,0
374,1
375,1
376,1
377,1
378,1
379,1
380,1
383,1
384,1
385,1
386,1
387,1
388,0
389,1
390,0
391,1
392,1
394,1
396,1
397,1
398,1
399,1
400,1
401,1
402,1
403,0
405,1
406,1
407,1
408,1
409,1
410,1
411,1
412,1
413,1
414,1
415,1
416,1
417,1
418,1
419,1
420,1
421,0
422,1
423,1
424,1
427,1
428,0
429,0
430,0
431,0
432,0
433,0
434,0
435,0
436,0
437,1
438,0
440,0
441,1
442,0
443,0
444,1
445,1
446,1
447,1
448,1
449,1
450,1
451,1
452,1
453,1
455,1
456,1
457,0
458,0
459,1
460,0
461,0
462,0
463,0
464,1
465,1
468,1
470,0
471,1
472,1
473,1
474,1
475,1
476,0
477,1
478,1
479,1
480,1
481,1
482,1
484,1
485,1
486,1
487,1
488,1
489,1
490,1
491,1
492,1
493,1
494,1
495,1
496,1
497,1
498,1
499,0
500,1
501,1
502,1
503,1
504,1
505,1
506,1
507,1
508,1
509,1
511,1
512,0
516,0
519,1
520,1
521,1
522,1
523,1
524,1
525,1
526,1
527,1
528,1
529,1
530,1
531,1
532,0
533,1
534,1
535,1
536,1
537,1
538,1
539,0
540,0
541,1
542,0
543,0
544,0
546,0
547,0
549,1
550,0
551,0
552,0
553,0
555,1
556,0
559,0
560,0
562,0
563,1
564,1
565,1
566,1
567,1
568,1
571,1
574,1
575,1
576,1
577,1
579,1
581,1
582,0
583,0
584,0
585,0
586,0
587,0
589,0
590,0
591,0
592,0
593,0
594,0
595,0
597,0
598,0
599,0
600,0
601,0
602,0
603,0
604,0
605,0
606,0
607,0
608,0
609,0
610,0
611,0
612,0
613,0
614,0
615,0
616,0
617,0
618,1
619,1
620,1
621,0
622,1
623,0
624,0
625,1
626,1
627,1
628,0
629,1
630,1
631,1
632,0
633,1
636,1
637,1
638,1
640,1
641,0
642,1
643,1
644,1
645,1
646,1
647,1
648,0
649,1
650,1
651,1
652,0
653,1
654,0
655,1
656,1
657,1
658,1
659,1
660,1
661,1
662,1
663,1
664,1
665,1
666,1
667,1
668,0
669,1
670,1
671,1
672,1
673,1
674,1
676,1
677,0
680,1
682,1
684,1
685,1
686,1
687,0
688,0
690,0
691,0
692,1
694,0
695,0
696,0
697,0
699,1
700,1
702,0
704,1
706,1
707,1
708,1
710,1
711,1
712,1
713,1
715,1
716,0
717,0
718,0
719,0
721,0
722,0
723,0
724,0
725,0
726,0
727,0
729,0
730,0
731,0
732,0
734,0
736,0
737,0
738,0
739,0
740,0
741,0
742,0
743,0
744,0
745,0
746,0
747,0
748,0
749,0
750,0
751,0
752,0
753,0
754,0
755,0
756,0
757,0
758,0
759,0
760,0
761,0
762,0
763,0
764,1
765,1
766,0
767,1
769,0
770,1
771,1
772,1
773,1
774,0
775,0
776,1
777,0
779,0
780,0
781,1
784,1
785,1
786,1
788,1
789,0
790,1
792,1
793,1
794,1
795,1
796,1
797,1
798,1
799,0
800,1
801,1
802,1
803,0
804,1
805,0
808,1
809,0
810,1
811,1
813,1
815,1
819,1
820,0
821,1
822,1
823,1
824,1
825,1
826,1
827,0
828,1
829,1
830,1
832,0
833,0
834,1
835,1
836,1
839,0
840,1
841,0
842,1
843,1
844,0
845,0
846,1
847,1
848,1
850,0
851,0
852,1
853,1
857,1
858,1
859,1
860,1
861,1
862,1
863,1
864,1
865,1
866,1
868,1
869,1
870,1
871,1
872,1
873,1
874,1
875,1
876,1
877,1
878,1
879,1
880,1
881,1
882,1
883,1
884,1
885,1
886,1
887,0
888,1
889,1
890,1
891,0
892,1
893,1
894,0
895,0
896,1
898,1
901,1
902,1
903,1
904,1
905,1
906,0
908,1
909,1
910,1
911,1
913,0
914,1
915,1
916,1
917,1
918,1
919,1
921,1
922,0
924,1
925,1
926,1
927,1
928,1
929,1
930,1
931,1
932,1
933,1
934,1
935,0
936,0
937,0
938,1
939,1
940,1
941,1
944,1
946,1
948,1
949,1
953,0
954,1
955,1
956,1
957,1
958,1
959,1
961,1
962,1
964,1
966,1
967,1
968,1
969,1
970,0
971,0
972,0
973,0
974,0
975,0
976,0
977,0
978,0
979,0
980,0
982,0
983,0
984,0
985,0
986,0
987,0
988,0
989,0
990,0
991,0
992,0
993,0
994,0
995,0
996,0
997,1
999,1
1000,1
1001,1
1003,1
1004,1
1005,1
1006,1
1007,1
1008,1
1009,1
1010,1
1011,1
1012,1
1013,1
1014,1
1015,1
1016,1
1018,1
1019,1
1020,1
1021,1
1022,1
1023,1
1024,1
1025,1
1026,1
1027,1
1028,1
1031,1
1032,1
1034,1
1035,1
1036,1
1038,1
1039,1
1040,1
1041,1
1042,1
1044,1
1045,1
1046,1
1048,1
1049,1
1050,1
1051,1
1052,1
1054,1
1055,1
1056,1
1057,1
1058,1
1060,1
1061,0
1062,0
1063,1
1064,1
1065,1
1066,1
1067,1
1068,1
1069,0
1070,1
1071,1
1072,1
1073,1
1074,0
1075,0
1076,0
1077,0
1078,0
1079,1
1080,0
1081,0
1082,0
1083,0
1084,0
1085,0
1086,1
1087,0
1088,0
1089,1
1090,0
1091,0
1092,1
1093,0
1094,0
1095,0
1096,0
1097,1
1098,1
1100,1
1101,1
1102,1
1103,0
1104,1
1105,1
1106,0
1107,1
1108,1
1109,1
1110,0
1111,1
1112,0
1113,1
1114,0
1115,0
1116,1
1118,1
1122,0
1123,0
1124,1
1126,1
1127,0
1128,1
1129,1
1130,1
1131,1
1132,1
1135,0
1136,1
1137,1
1138,0
1139,1
1140,1
1141,0
1142,0
1143,1
1144,1
1145,1
1146,1
1147,1
1150,0
1151,0
1153,1
1154,1
1155,1
1156,1
1157,1
1158,0
1159,1
1161,1
1162,1
1163,1
1164,0
1166,1
1167,0
1168,1
1169,1
1170,1
1171,1
1172,1
1174,1
1175,0
1176,1
1177,1
1179,1
1180,1
1181,0
1182,1
1183,1
1185,1
1186,0
1187,1
1188,1
1189,1
1190,0
1191,0
1192,1
1193,1
1195,1
1196,0
1197,1
1199,1
1200,1
1202,1
1203,1
1204,1
1205,1
1206,1
1207,0
1208,0
1209,1
1210,1
1211,0
1212,0
1213,1
1214,1
1215,0
1216,0
1217,0
1218,1
1219,0
1220,0
1222,1
1223,1
1224,1
1225,0
1226,0
1230,0
1232,0
1234,1
1236,0
1237,1
1239,1
1241,1
1243,1
1246,1
1247,1
1248,1
1251,1
1253,1
1256,1
1257,0
1258,1
1259,1
1261,1
1262,1
1263,1
1264,1
1267,1
1268,0
1269,1
1270,0
1272,1
1273,1
1275,1
1276,1
1279,0
1281,1
1282,0
1283,0
1284,0
1285,0
1286,0
1287,0
1288,0
1290,0
1291,0
1293,0
1294,0
1295,0
1296,0
1297,0
1298,0
1299,0
1300,0
1301,0
1302,0
1303,0
1304,0
1305,0
1306,0
1308,0
1310,0
1311,0
1313,0
1314,0
1315,0
1317,0
1319,1
1320,0
1321,0
1322,1
1323,0
1324,0
1326,1
1327,0
1328,1
1330,1
1331,0
1332,1
1333,1
1335,1
1336,1
1337,1
1338,1
1339,1
1340,0
1341,0
1344,0
1345,0
1346,0
1348,0
1349,1
1350,0
1351,0
1352,0
1353,0
1354,1
1355,1
1357,1
1359,1
1360,1
1362,1
1363,0
1364,1
1365,1
1366,0
1368,1
1369,1
1370,0
1371,1
1372,0
1374,1
1375,1
1376,1
1377,1
1378,1
1379,1
1380,1
1381,1
1383,1
1384,1
1385,1
1386,1
1387,1
1388,1
1389,1
1390,1
1391,1
1392,0
1393,0
1394,0
1395,0
1396,0
1398,1
1399,0
1400,0
1401,0
1403,0
1405,1
1406,1
1407,1
1408,1
1409,0
1410,1
1411,1
1412,0
1413,0
1414,1
1415,1
1416,1
1418,0
1419,0
1421,0
1422,1
1424,1
1425,0
1426,1
1427,0
1428,0
1429,1
1431,0
1432,1
1433,0
1435,0
1436,0
1438,1
1440,0
1441,1
1442,1
1444,1
1445,1
1446,0
1448,1
1449,1
1452,1
1453,1
1455,1
1457,1
1458,1
1459,1
1460,1
1461,1
1465,1
1467,1
1468,1
1469,1
1470,0
1471,0
1472,1
1473,0
1474,1
1475,0
1476,1
1477,1
1478,1
1480,1
1481,0
1482,1
1483,1
1484,1
1485,0
1487,0
1489,0
1490,0
1491,0
1492,0
1493,1
1494,1
1496,1
1498,1
1499,0
1505,1
1506,1
1509,1
1510,1
1511,0
1512,1
1513,1
1514,1
1515,0
1516,0
1518,1
1519,0
1520,1
1521,1
1522,1
1523,0
1524,0
1526,1
1527,0
1528,0
1529,0
1531,0
1532,0
1534,0
1535,0
1536,0
1537,0
1538,0
1539,0
1540,0
1541,0
1542,0
1543,0
1544,0
1545,0
1546,0
1547,0
1548,0
1549,0
1551,0
1552,0
1553,0
1554,0
1555,0
1557,0
1558,0
1559,0
1561,1
1563,1
1564,1
1565,1
1566,1
1567,1
1568,1
1570,0
1571,0
1572,1
1573,1
1574,0
1575,0
1576,0
1577,0
1578,0
1579,1
1580,0
1581,0
1582,0
1583,1
1584,0
1586,1
1588,1
1589,0
1591,0
1593,0
1594,0
1595,1
1596,1
1597,1
1600,1
1601,1
1602,0
1603,1
1605,1
1606,1
1607,1
1608,1
1609,1
1610,1
1611,1
1612,1
1613,1
1616,0
1617,1
1618,1
1619,0
1620,1
1621,0
1622,1
1624,0
1625,0
1626,1
1627,1
1628,0
1629,0
1631,0
1632,0
1633,0
1634,0
1635,0
1636,0
1637,0
1638,0
1639,0
1640,0
1641,0
1642,0
1643,0
1644,0
1645,0
1646,0
1647,0
1648,0
1649,0
1650,0
1652,0
1654,0
1655,0
1656,0
1657,0
1658,0
1661,0
1662,0
1663,0
1664,0
1665,0
1666,0
1667,0
1668,0
1670,0
1671,0
1673,0
1674,0
1675,0
1676,0
1678,1
1680,1
1681,0
1684,0
1685,0
1687,1
1690,1
1691,1
1692,1
1694,1
1695,1
1697,1
1698,1
1699,1
1700,1
1701,1
1702,1
1703,0
1705,1
1706,1
1707,0
1708,0
1709,1
1710,1
1711,1
1712,1
1713,1
1714,1
1715,1
1717,1
1722,1
1723,1
1724,1
1725,1
1726,1
1727,0
1728,1
1729,1
1730,1
1731,1
1732,1
1733,1
1734,1
1735,1
1736,1
1737,1
1738,1
1740,1
1741,1
1742,0
1743,0
1744,1
1745,1
1746,1
1748,0
1750,1
1752,1
1753,1
1755,1
1756,1
1757,1
1758,1
1759,1
1760,1
1761,1
1762,1
1763,0
1764,1
1765,1
1766,0
1767,0
1768,1
1769,0
1770,0
1771,0
1772,1
1773,1
1775,1
1776,1
1777,0
1778,1
1779,1
1781,1
1782,1
1784,0
1785,1
1787,1
1788,0
1789,1
1790,0
1791,1
1792,0
1795,0
1796,0
1797,0
1798,0
1799,0
1800,1
1801,1
1802,1
1803,1
1805,0
1806,1
1809,1
1810,0
1811,1
1812,1
1813,0
1815,1
1817,1
1818,1
1819,1
1820,0
1821,0
1822,0
1824,0
1825,0
1826,0
1827,0
1828,1
1829,1
1830,1
1831,1
1832,1
1834,1
1836,1
1837,0
1838,1
1839,0
1840,0
1841,0
1842,0
1843,1
1844,0
1845,1
1846,0
1848,1
1849,1
1850,0
1851,1
1852,0
1853,0
1854,0
1855,0
1856,0
1857,0
1858,0
1859,0
1860,0
1861,0
1863,0
1864,0
1865,0
1866,0
1867,0
1868,0
1869,1
1870,1
1871,1
1872,1
1873,1
1874,1
1875,1
1876,0
1877,0
1878,0
1879,1
1880,1
1881,1
1883,1
1884,0
1886,0
1888,1
1889,0
1893,1
1894,1
1895,0
1896,1
1897,1
1899,1
1900,1
1901,1
1903,1
1904,1
1905,1
1906,1
1907,1
1908,1
1909,1
1910,1
1911,1
1912,1
1914,0
1915,1
1916,0
1917,0
1918,1
1919,1
1920,1
1921,1
1922,1
1923,1
1924,1
1926,1
1927,0
1928,1
1929,0
1930,1
1931,1
1932,1
1933,1
1934,1
1935,1
1936,1
1937,1
1938,1
1939,0
1940,1
1941,0
1942,0
1943,0
1945,0
1946,0
1947,0
1948,0
1949,0
1950,0
1951,1
1952,1
1953,1
1954,1
1955,1
1956,0
1957,1
1958,0
1960,1
1961,1
1963,1
1964,1
1965,1
1966,1
1967,1
1968,1
1969,1
1970,1
1975,0
1976,0
1977,0
1978,1
1979,1
1980,1
1982,0
1983,1
1984,0
1985,1
1986,1
1987,1
1988,1
1989,1
1990,1
1991,1
1992,0
1993,0
1994,1
1995,1
1996,1
1997,1
1998,1
1999,0
2002,1
2003,1
2004,1
2005,1
2006,0
2009,1
2010,1
2011,0
2012,1
2013,1
2014,0
2015,0
2016,1
2017,1
2018,1
2019,0
2021,0
2024,1
2025,1
2027,0
2028,0
2029,0
2030,1
2031,0
2033,0
2034,1
2035,0
2037,1
2038,0
2040,0
2041,1
2042,0
2043,0
2045,1
2046,1
2047,1
2048,1
2049,1
2051,1
2052,1
2053,1
2054,1
2056,0
2058,1
2059,0
2060,1
2061,1
2062,0
2063,0
2064,1
2065,1
2066,1
2067,0
2068,0
2069,0
2070,1
2071,0
2072,0
2073,0
2074,0
2075,0
2077,0
2078,0
2079,0
2081,1
2082,0
2084,1
2085,0
2087,0
2088,1
2089,1
2091,1
2092,0
2094,0
2095,1
2096,1
2098,0
2099,0
2100,1
2101,1
2103,1
2104,1
2105,1
2106,1
2107,1
2108,0
2110,1
2113,1
2115,1
2116,0
2117,1
2119,0
2120,1
2121,1
2122,1
2124,1
2125,1
2127,1
2128,1
2129,1
2130,1
2131,0
2132,1
2133,0
2134,0
2136,0
2137,0
2138,0
2139,0
2141,0
2142,1
2143,1
2144,0
2145,1
2146,0
2147,1
2148,1
2149,1
2150,0
2151,1
2152,0
2153,1
2154,0
2155,1
2156,1
2158,1
2160,1
2161,1
2162,1
2163,0
2164,1
2165,1
2167,0
2168,1
2170,0
2171,1
2172,0
2173,1
2174,0
2175,1
2176,0
2177,0
2179,1
2180,0
2181,1
2182,1
2183,0
2185,1
2186,1
2187,1
2188,1
2189,0
2191,1
2192,1
2193,0
2194,1
2195,1
2196,1
2197,1
2198,1
2199,1
2200,1
2201,0
2202,1
2203,0
2204,1
2206,1
2207,1
2208,1
2210,1
2211,1
2213,1
2214,1
2215,1
2216,1
2217,1
2218,1
2219,1
2220,1
2221,1
2222,1
2223,1
2224,1
2225,1
2226,1
2227,1
2228,1
2230,1
2231,1
2232,1
2233,1
2234,1
2235,1
2236,1
2237,1
2238,1
2239,1
2241,1
2242,1
2243,1
2244,1
2245,1
2246,1
2247,1
2250,1
2251,0
2252,0
2253,0
2254,0
2255,0
2256,0
2257,1
2258,1
2259,1
2260,1
2262,0
2263,0
2264,0
2265,1
2266,1
2267,1
2268,1
2269,1
2270,1
2271,1
2272,1
2274,1
2275,1
2276,1
2277,1
2279,1
2280,1
2282,1
2283,1
2286,1
2287,1
2288,1
2289,1
2290,1
2291,0
2293,1
2294,1
2295,1
2296,1
2297,1
2298,1
2299,1
2300,1
2301,1
2302,0
2303,1
2304,1
2306,1
2307,0
2308,1
2309,1
2310,1
2311,0
2314,1
2315,1
2316,0
2317,1
2318,0
2320,1
2321,0
2322,1
2323,1
2324,0
2325,0
2326,1
2327,1
2329,1
2330,1
2332,0
2333,1
2335,0
2338,1
2339,1
2340,1
2341,1
2342,1
2343,1
2344,1
2346,1
2347,1
2348,1
2349,1
2350,1
2351,1
2353,1
2354,0
2355,0
2357,0
2358,0
2359,0
2360,0
2361,0
2362,0
2363,0
2364,0
2369,0
2372,1
2373,0
2374,0
2375,0
2376,0
2377,0
2378,0
2379,0
2380,0
2381,0
2383,0
2384,0
2385,0
2386,0
2387,0
2388,0
2389,0
2391,0
2392,0
2393,0
2394,0
2395,0
2396,0
2397,1
2398,1
2399,1
2400,1
2401,1
2403,1
2404,1
2405,1
2406,1
2407,1
2408,1
2409,1
2410,1
2411,1
2412,1
2413,1
2414,1
2415,1
2416,1
2417,1
2418,1
2419,1
2420,1
2421,1
2422,1
2423,0
2424,1
2425,0
2426,1
2427,1
2428,1
2429,0
2430,1
2431,0
2433,1
2434,1
2435,1
2437,1
2438,1
2439,1
2440,1
2441,1
2442,1
2443,0
2444,0
2446,0
2447,0
2448,1
2449,1
2450,1
2451,1
2452,1
2453,1
2454,1
2455,1
2457,1
2458,1
2459,1
2460,0
2461,1
2462,1
2463,0
2464,1
2465,0
2467,1
2468,1
2469,1
2471,0
2472,1
2473,1
2474,1
2475,1
2477,1
2478,1
2480,0
2482,1
2483,0
2484,1
2485,1
2486,0
2487,0
2488,1
2489,1
2491,0
2492,0
2493,0
2494,0
2495,0
2497,0
2498,0
2499,0
2500,1
2501,0
2502,1
2503,1
2504,1
2505,0
2506,1
2507,1
2508,1
2509,0
2510,0
2511,1
2512,1
2513,1
2514,1
2516,1
2517,1
2518,1
2519,0
2520,1
2521,0
2522,1
2524,1
2525,0
2526,0
2527,0
2528,1
2529,0
2530,1
2531,1
2532,1
2533,1
2534,1
2535,1
2536,1
2539,0
2540,1
2541,1
2542,1
2543,0
2544,1
2545,1
2546,1
2547,1
2548,1
2549,1
2550,1
2551,1
2552,1
2553,1
2554,1
2555,1
2556,1
2557,1
2558,1
2559,1
2560,1
2561,1
2562,1
2563,0
2565,1
2566,0
2568,1
2569,1
2570,0
2571,0
2572,0
2573,0
2574,0
2575,0
2576,1
2577,1
2579,0
2580,0
2581,0
2582,1
2583,1
2584,1
2585,1
2586,0
2587,1
2588,1
2589,1
2590,1
2591,0
2593,1
2594,1
2595,1
2596,1
2598,1
2599,0
2600,0
2602,1
2604,1
2605,1
2606,0
2607,1
2608,0
2610,1
2611,1
2612,0
2614,1
2616,1
2617,0
2619,1
2620,1
2621,1
2622,1
2623,1
2624,1
2625,0
2627,0
2628,0
2629,0
2630,1
2631,1
2632,1
2633,0
2635,1
2636,1
2637,1
2638,1
2640,1
2642,0
2644,1
2645,1
2647,0
2648,0
2649,0
2650,1
2651,1
2652,1
2654,1
2655,1
2656,0
2657,1
2658,1
2659,1
2660,1
2661,1
2662,1
2663,0
2664,0
2665,0
2666,0
2667,1
2668,0
2670,1
2671,1
2672,0
2673,1
2674,0
2675,0
2676,0
2677,0
2678,1
2679,0
2680,0
2681,0
2682,1
2683,1
2684,0
2685,0
2686,1
2687,1
2688,1
2690,0
2691,0
2692,0
2693,0
2695,1
2696,0
2697,0
2698,1
2701,1
2702,1
2703,0
2704,1
2705,1
2706,0
2707,1
2708,0
2709,0
2710,1
2711,0
2713,1
2714,1
2715,0
2717,0
2718,0
2719,1
2725,1
2726,1
2727,1
2728,1
2729,1
2730,1
2731,1
2732,1
2736,1
2738,1
2739,1
2740,1
2741,0
2742,1
2744,1
2745,0
2747,0
2748,1
2749,1
2751,1
2752,0
2754,1
2756,1
2757,1
2758,0
2759,0
2762,1
2763,1
2764,1
2765,0
2766,1
2769,1
2770,1
2771,0
2772,0
2773,1
2774,0
2775,1
2777,1
2778,1
2779,1
2781,1
2782,1
2785,1
2788,1
2789,1
2790,1
2791,1
2792,1
2793,1
2794,1
2795,0
2796,0
2797,1
2798,1
2799,1
2803,1
2805,1
2806,1
2807,1
2808,1
2809,1
2810,1
2811,1
2812,1
2813,0
2815,1
2816,1
2817,1
2818,1
2819,1
2820,1
2821,1
2822,1
2823,1
2824,1
2825,1
2826,1
2827,1
2828,1
2829,1
2830,0
2831,0
2832,1
2833,1
2834,1
2835,1
2836,1
2837,0
2838,0
2839,1
2840,0
2841,1
2842,1
2843,1
2844,1
2845,1
2846,1
2847,1
2848,1
2849,1
2850,1
2851,1
2852,1
2853,1
2854,1
2855,0
2856,0
2857,1
2858,1
2859,1
2860,1
2861,1
2862,1
2863,1
2864,1
2865,1
2866,1
2867,1
2868,1
2869,0
2870,1
2871,0
2872,0
2873,1
2874,1
2875,1
2876,1
2877,1
2878,1
2879,1
2880,1
2881,1
2882,1
2883,1
2885,1
2886,1
2888,1
2890,1
2891,0
2893,1
2894,1
2896,0
2897,0
2898,0
2899,0
2900,1
2901,1
2902,1
2903,1
2904,1
2906,1
2907,1
2908,1
2909,1
2910,1
2911,1
2913,0
2914,1
2916,1
2917,1
2919,1
2920,1
2921,1
2922,1
2923,0
2925,1
2926,1
2927,1
2929,1
2930,1
2932,1
2933,1
2934,1
2935,1
2936,1
2937,1
2938,1
2939,1
2940,0
2941,1
2942,0
2943,0
2944,0
2945,0
2947,0
2948,1
2951,1
2952,1
2953,1
2956,0
2957,1
2958,1
2959,1
2961,1
2962,1
2963,0
2964,0
2965,0
2967,0
2968,0
2969,0
2970,0
2971,0
2972,0
2974,0
2975,0
2976,0
2977,0
2978,0
2979,0
2980,0
2981,0
2982,0
2983,1
2984,0
2985,1
2986,0
2987,1
2988,0
2989,1
2991,0
2992,1
2993,1
2995,1
2996,1
3000,1
3001,1
3004,1
3005,1
3008,0
3009,0
3010,0
3011,0
3012,0
3013,0
3014,0
3015,0
3016,1
3017,1
3018,1
3019,1
3020,0
3021,1
3022,1
3023,1
3025,1
3026,1
3027,1
3028,0
3029,0
3030,1
3031,1
3032,1
3034,1
3035,1
3036,1
3037,1
3039,1
3040,1
3041,1
3042,1
3046,0
3047,0
3048,1
3050,1
3051,1
3052,1
3053,1
3054,1
3055,1
3056,1
3057,1
3058,0
3059,1
3060,0
3062,0
3063,0
3064,1
3065,1
3066,1
3067,1
3068,0
3069,1
3070,1
3071,1
3072,1
3074,1
3075,0
3077,1
3078,1
3079,1
3080,1
3081,1
3082,1
3084,1
3085,1
3086,1
3087,1
3088,1
3089,0
3090,1
3091,0
3092,0
3093,1
3094,1
3095,0
3096,1
3097,1
3098,1
3099,1
3100,1
3103,1
3104,1
3105,1
3107,0
3108,1
3109,1
3110,1
3111,0
3112,1
3113,0
3114,1
3115,1
3116,0
3117,1
3119,0
3120,1
3121,1
3122,0
3123,1
3124,1
3125,1
3126,1
3127,1
3129,1
3130,1
3131,1
3133,1
3134,1
3135,1
3136,1
3137,1
3138,1
3139,1
3140,1
3142,1
3143,1
3144,1
3145,1
3146,1
3147,1
3148,1
3149,1
3151,1
3153,1
3155,1
3156,1
3157,1
3158,1
3159,1
3160,1
3161,1
3162,1
3163,1
3164,1
3166,1
3168,1
3169,1
3170,0
3171,1
3172,1
3173,0
3175,1
3176,1
3179,0
3180,0
3182,1
3183,0
3184,0
3185,0
3186,0
3187,0
3188,0
3189,0
3190,0
3191,0
3192,0
3193,0
3194,0
3195,0
3196,0
3197,0
3198,0
3199,0
3200,0
3202,1
3203,1
3204,1
3205,1
3206,1
3207,1
3208,1
3209,1
3210,1
3211,0
3212,1
3213,1
3214,1
3215,0
3216,0
3217,0
3219,0
3220,1
3221,0
3222,1
3226,1
3227,1
3230,1
3231,0
3232,1
3233,1
3234,1
3235,1
3236,1
3237,1
3238,1
3239,1
3240,1
3241,1
3242,1
3243,1
3244,1
3245,1
3246,1
3247,1
3248,1
3249,1
3250,1
3251,1
3252,1
3253,0
3255,1
3256,1
3257,1
3258,1
3259,1
3260,1
3261,1
3263,0
3264,1
3265,1
3266,0
3267,0
3268,1
3270,1
3271,0
3272,1
3273,1
3274,1
3275,1
3276,1
3277,0
3278,1
3279,1
3281,1
3282,1
3283,1
3284,0
3285,1
3286,1
3287,1
3288,1
3289,1
3290,1
3291,0
3292,0
3293,0
3294,0
3295,0
3296,0
3297,0
3298,0
3299,1
3300,0
3301,0
3302,1
3303,1
3304,1
3306,1
3307,1
3308,1
3309,1
3310,1
3311,1
3312,1
3313,1
3314,1
3315,1
3316,1
3317,0
3318,0
3319,0
3320,1
3321,1
3322,0
3323,0
3324,0
3325,0
3326,0
3327,0
3328,0
3330,1
3331,1
3333,0
3335,0
3336,0
3337,1
3338,1
3339,1
3340,1
3342,1
3344,0
3345,0
3346,0
3347,1
3348,0
3350,1
3351,0
3353,1
3354,0
3355,1
3356,1
3357,1
3358,0
3359,1
3360,1
3362,1
3363,1
3364,0
3365,1
3366,1
3367,1
3368,1
3369,1
3370,1
3371,0
3372,1
3373,0
3374,1
3375,0
3376,1
3379,1
3380,1
3381,1
3383,1
3384,0
3385,1
3387,1
3388,1
3389,1
3391,0
3392,0
3393,0
3394,1
3396,1
3397,1
3398,0
3399,1
3401,1
3402,0
3403,1
3404,1
3405,0
3406,0
3407,0
3408,1
3409,1
3410,1
3411,1
3412,1
3413,1
3414,0
3415,0
3416,0
3417,0
3418,0
3419,1
3420,1
3421,1
3422,1
3423,1
3424,1
3425,0
3426,0
3427,1
3428,1
3429,0
3430,1
3431,0
3433,0
3434,1
3435,1
3437,1
3438,1
3439,1
3440,1
3441,1
3442,1
3443,1
3444,0
3446,1
3447,1
3448,1
3449,1
3450,1
3451,1
3452,1
3453,1
3454,1
3456,1
3457,1
3458,1
3459,1
3461,1
3462,1
3463,1
3464,1
3465,0
3466,0
3467,0
3468,0
3469,1
3470,0
3471,0
3472,1
3473,0
3474,0
3475,0
3476,0
3477,0
3478,0
3479,0
3480,0
3481,0
3484,1
3486,1
3488,0
3489,0
3490,0
3493,1
3494,1
3495,1
3496,1
3497,1
3498,0
3499,1
3500,1
3501,1
3502,1
3503,1
3504,1
3505,1
3506,1
3507,1
3508,1
3509,0
3510,1
3511,0
3512,1
3513,1
3514,0
3515,0
3517,1
3518,1
3519,1
3521,1
3522,1
3523,0
3524,0
3525,1
3526,1
3527,1
3528,1
3529,1
3530,1
3531,1
3532,1
3533,1
3534,1
3535,1
3537,1
3538,1
3539,1
3540,1
3541,1
3543,1
3544,1
3545,1
3546,1
3547,1
3548,1
3549,1
3550,1
3551,1
3553,1
3556,1
3557,1
3558,1
3559,0
3560,1
3561,0
3562,1
3563,0
3565,1
3566,0
3567,0
3568,1
3569,1
3570,1
3571,0
3572,0
3573,0
3574,0
3575,0
3577,0
3578,0
3581,0
3589,0
3590,0
3591,0
3592,0
3593,0
3594,0
3595,0
3596,0
3597,0
3599,0
3600,0
3601,0
3602,0
3603,1
3604,1
3605,1
3606,1
3608,0
3609,0
3610,1
3611,1
3612,1
3613,1
3614,0
3615,1
3618,1
3619,1
3620,1
3621,1
3622,1
3623,1
3624,1
3625,1
3626,1
3628,1
3629,1
3630,1
3631,1
3632,1
3633,1
3635,1
3636,1
3637,1
3638,1
3639,1
3640,1
3641,1
3642,1
3644,1
3645,1
3646,1
3647,1
3648,1
3649,1
3651,1
3652,1
3653,1
3654,1
3655,1
3656,1
3657,1
3658,1
3659,1
3660,1
3661,0
3662,0
3663,0
3664,0
3665,0
3666,0
3667,1
3668,1
3669,1
3670,1
3671,1
3672,1
3673,1
3675,1
3676,1
3678,1
3679,1
3680,0
3681,0
3685,0
3686,0
3687,1
3689,0
3690,0
3691,0
3693,1
3695,0
3696,1
3697,1
3699,1
3700,1
3703,0
3705,0
3706,1
3707,1
3709,1
3710,0
3711,1
3712,1
3713,1
3714,0
3716,0
3717,1
3718,1
3719,1
3720,1
3721,1
3722,1
3723,1
3724,1
3725,0
3727,1
3731,0
3732,1
3733,1
3734,0
3735,0
3736,0
3737,0
3738,1
3741,0
3742,1
3743,0
3744,0
3745,0
3748,1
3750,0
3751,0
3752,0
3753,0
3754,0
3755,1
3756,1
3757,1
3758,0
3760,1
3761,0
3762,1
3764,0
3765,0
3766,1
3767,1
3768,1
3769,0
3770,1
3772,1
3773,1
3774,0
3775,0
3776,0
3777,0
3778,0
3779,0
3781,1
3782,1
3784,0
3785,0
3786,0
3787,1
3788,0
3790,0
3791,0
3792,1
3793,1
3794,0
3795,1
3796,0
3797,1
3798,1
3799,1
3800,1
3801,1
3802,1
3803,1
3804,1
3805,1
3806,1
3807,1
3808,1
3809,1
3810,1
3811,1
3812,1
3813,1
3814,1
3815,1
3816,1
3817,1
3818,1
3819,1
3820,1
3821,1
3823,1
3824,1
3825,1
3826,0
3827,0
3828,0
3829,0
3830,1
3831,1
3832,1
3833,0
3834,1
3835,1
3836,1
3837,1
3838,1
3840,1
3841,1
3843,1
3846,1
3847,1
3849,0
3850,0
3851,0
3852,0
3853,0
3854,0
3855,0
3857,1
3858,0
3859,0
3860,1
3861,1
3862,0
3863,1
3864,1
3865,0
3866,0
3867,1
3868,1
3870,1
3871,1
3872,1
3873,1
3874,1
3876,1
3877,1
3878,1
3879,1
3880,1
3881,1
3882,1
3883,1
3884,1
3885,1
3886,0
3887,0
3888,0
3889,1
3891,1
3892,0
3893,1
3894,1
3895,1
3896,1
3897,1
3898,1
3899,1
3900,1
3901,1
3902,1
3903,1
3904,1
3905,1
3906,1
3907,1
3908,1
3909,1
3910,1
3911,1
3913,1
3914,1
3915,1
3916,1
3917,1
3918,1
3919,1
3920,1
3921,1
3922,1
3923,1
3924,1
3925,1
3926,1
3927,1
3928,1
3929,1
3930,1
3931,1
3932,1
3933,1
3934,1
3935,0
3936,0
3938,0
3939,0
3940,0
3941,0
3942,0
3943,1
3944,0
3946,1
3947,1
3948,0
3950,1
3951,1
3952,1
3954,1
3955,0
3957,1
3958,0
3959,1
3961,1
3962,1
3963,0
3964,1
3965,1
3966,1
3967,1
3968,1
3969,1
3970,1
3971,1
3972,1
3973,1
3974,1
3975,0
3976,0
3977,0
3978,0
3979,0
3980,0
3981,0
3982,0
3983,0
3984,0
3985,0
3986,1
3988,1
3989,0
3990,0
3991,0
3992,1
3993,1
3994,0
3995,1
3996,1
3997,0
3998,1
3999,1
4002,1
4003,1
4004,1
4005,1
4006,1
4007,1
4008,1
4009,1
4010,1
4011,1
4012,0
4013,0
4014,0
4015,0
4016,0
4017,1
4018,1
4020,1
4021,0
4022,0
4023,0
4024,1
4025,0
4026,0
4027,0
4029,1
4030,1
4031,1
4032,1
4033,1
4034,1
4035,0
4036,1
4037,0
4038,1
4039,1
4040,1
4041,1
4043,1
4045,1
4047,1
4048,1
4049,1
4050,1
4051,0
4052,1
4053,1
4054,1
4055,1
4056,1
4057,1
4058,1
4059,1
4060,1
4061,1
4062,1
4063,1
4064,1
4065,1
4066,1
4067,1
4068,1
4069,0
4070,1
4071,0
4072,1
4073,0
4074,0
4075,1
4076,1
4078,1
4080,1
4081,0
4082,0
4083,0
4084,1
4085,0
4086,0
4087,0
4089,1
4090,1
4091,0
4092,1
4093,1
4094,0
4095,0
4097,1
4099,1
4101,1
4103,1
4104,1
4105,1
4107,0
4108,1
4109,0
4110,0
4111,0
4112,0
4113,0
4114,0
4115,0
4116,0
4118,1
4119,0
4120,1
4121,1
4122,1
4123,1
4125,1
4126,1
4127,1
4128,1
4129,0
4130,1
4131,1
4132,0
4133,1
4134,1
4135,1
4136,1
4137,1
4138,1
4139,1
4140,1
4141,1
4142,1
4143,1
4144,1
4145,1
4146,1
4147,1
4148,1
4149,0
4150,1
4151,1
4152,1
4153,1
4154,1
4155,1
4156,1
4157,1
4158,1
4159,1
4160,1
4161,1
4162,1
4163,1
4164,1
4165,1
4167,1
4168,0
4169,1
4171,0
4172,0
4173,0
4174,1
4175,0
4176,0
4177,1
4178,1
4179,1
4180,0
4181,1
4182,1
4183,1
4184,1
4185,0
4186,1
4187,1
4188,0
4189,1
4190,0
4191,1
4192,1
4193,1
4194,1
4195,1
4196,1
4197,0
4198,1
4200,1
4201,1
4202,1
4203,1
4204,1
4205,1
4206,1
4207,1
4208,1
4209,1
4210,1
4211,0
4212,0
4213,0
4214,1
4215,0
4216,0
4217,1
4218,0
4220,1
4221,0
4222,0
4223,0
4224,0
4225,0
4226,0
4227,0
4228,0
4229,0
4230,0
4231,0
4232,0
4233,0
4234,0
4235,0
4236,0
4237,1
4238,1
4239,1
4240,1
4241,1
4242,1
4243,1
4244,1
4245,0
4246,0
4247,0
4248,1
4249,1
4250,1
4251,1
4252,1
4253,0
4254,1
4255,1
4256,1
4257,0
4258,0
4259,0
4260,1
4261,1
4262,0
4263,0
4264,1
4265,0
4266,1
4267,0
4268,0
4269,1
4270,1
4271,1
4272,1
4273,1
4274,1
4275,1
4276,1
4277,0
4278,0
4279,0
4280,1
4281,0
4282,1
4283,1
4284,1
4285,1
4286,1
4287,1
4288,1
4289,0
4290,0
4291,0
4292,1
4293,1
4294,0
4295,1
4296,1
4297,0
4298,0
4299,1
4301,1
4302,1
4303,0
4304,0
4305,0
4306,1
4308,0
4310,1
4311,1
4312,1
4314,1
4315,1
4317,1
4318,1
4319,1
4320,1
4321,1
4322,1
4323,1
4324,1
4325,1
4326,0
4327,1
4328,0
4329,0
4331,0
4332,0
4333,1
4334,0
4335,1
4336,1
4337,1
4338,1
4339,1
4340,1
4341,1
4342,1
4343,1
4344,1
4345,0
4346,1
4348,0
4349,1
4350,1
4351,1
4352,0
4353,1
4354,0
4355,1
4356,1
4359,0
4361,1
4362,1
4363,0
4364,1
4365,1
4366,1
4367,0
4368,1
4369,1
4370,1
4371,1
4372,0
4373,1
4374,0
4375,1
4376,0
4377,1
4379,1
4380,0
4381,1
4382,1
4384,1
4385,1
4386,1
4387,1
4388,1
4389,1
4390,1
4391,1
4392,1
4393,1
4394,1
4395,1
4396,1
4397,1
4398,0
4399,0
4400,0
4401,0
4402,1
4403,1
4404,1
4405,0
4406,0
4407,1
4408,0
4409,0
4410,0
4411,0
4413,0
4414,1
4415,1
4416,1
4417,1
4420,0
4422,0
4423,1
4424,1
4425,1
4426,1
4427,0
4428,0
4429,0
4430,0
4431,0
4432,0
4433,0
4434,0
4435,0
4436,1
4438,1
4439,1
4440,1
4441,1
4442,1
4443,1
4446,1
4447,1
4448,1
4449,1
4451,1
4453,1
4454,1
4455,1
4456,1
4458,1
4459,1
4463,1
4464,1
4466,1
4467,0
4468,0
4469,0
4470,1
4471,1
4472,1
4473,1
4474,1
4475,1
4477,1
4478,1
4479,1
4481,1
4483,1
4485,1
4486,1
4487,1
4488,1
4489,1
4491,1
4492,1
4493,1
4494,1
4495,1
4497,1
4499,0
4500,1
4502,0
4503,1
4506,1
4508,1
4511,1
4513,1
4515,1
4518,1
4520,1
4523,1
4525,1
4527,0
4528,1
4529,1
4530,1
4533,0
4534,0
4535,1
4536,0
4537,0
4539,0
4540,0
4541,0
4542,0
4543,0
4544,0
4545,0
4546,0
4547,0
4548,0
4549,0
4550,0
4551,0
4552,0
4553,0
4554,0
4555,0
4556,0
4558,0
4559,0
4560,0
4561,0
4562,0
4563,0
4564,0
4565,0
4566,0
4567,0
4568,0
4569,0
4570,1
4571,1
4572,1
4574,0
4575,1
4576,1
4577,1
4578,1
4579,1
4581,1
4582,1
4583,1
4584,1
4585,1
4586,1
4587,1
4588,1
4589,1
4590,1
4591,1
4593,1
4594,1
4597,1
4598,1
4600,1
4601,1
4602,1
4603,0
4604,1
4605,0
4606,1
4607,0
4608,0
4609,1
4610,1
4611,1
4612,1
4613,1
4614,1
4615,1
4616,1
4617,1
4618,1
4619,1
4622,1
4623,0
4624,0
4625,1
4626,0
4627,0
4628,0
4629,1
4630,1
4631,0
4632,1
4633,1
4634,1
4635,1
4637,1
4638,1
4640,1
4641,1
4642,1
4643,0
4644,1
4647,0
4648,1
4649,1
4650,1
4654,0
4655,1
4656,1
4657,1
4658,1
4659,1
4660,1
4661,1
4662,1
4664,0
4665,1
4666,1
4667,1
4668,1
4669,1
4670,1
4671,1
4672,1
4673,1
4674,0
4675,1
4676,1
4677,1
4678,1
4679,1
4680,1
4681,1
4682,1
4683,1
4685,0
4686,0
4687,1
4688,1
4689,1
4690,1
4691,1
4693,1
4695,0
4697,1
4699,1
4700,1
4701,1
4703,1
4705,0
4706,1
4707,1
4708,0
4710,0
4711,1
4712,1
4713,1
4714,1
4715,1
4716,1
4717,1
4718,1
4719,1
4720,1
4721,1
4722,1
4723,1
4724,1
4725,1
4726,1
4727,1
4728,1
4730,1
4731,1
4732,1
4733,1
4734,1
4735,1
4737,1
4738,1
4739,1
4740,1
4741,1
4742,1
4745,1
4746,1
4747,1
4750,1
4751,1
4752,0
4753,1
4754,1
4755,0
4756,0
4757,0
4758,1
4759,1
4760,0
4762,1
4763,1
4766,1
4767,1
4768,0
4769,0
4770,0
4771,0
4772,0
4773,0
4774,0
4775,0
4777,1
4778,0
4779,1
4781,0
4782,1
4783,1
4784,1
4786,1
4787,1
4790,1
4791,1
4792,1
4793,1
4794,1
4796,1
4798,1
4799,1
4800,1
4801,0
4802,1
4804,1
4805,1
4806,0
4807,0
4808,1
4809,1
4810,1
4811,1
4812,0
4813,1
4814,1
4815,0
4816,1
4819,1
4820,0
4821,1
4822,0
4823,0
4824,0
4825,0
4826,0
4827,0
4828,1
4830,1
4831,1
4833,1
4834,1
4836,1
4837,1
4838,1
4839,1
4840,1
4841,1
4843,1
4846,1
4847,1
4848,1
4849,1
4850,1
4852,1
4853,1
4854,1
4856,1
4857,1
4858,1
4859,1
4860,1
4861,1
4862,1
4864,1
4865,0
4866,1
4867,1
4868,1
4869,1
4870,1
4871,0
4872,0
4873,0
4874,0
4875,0
4876,0
4879,1
4880,0
4881,1
4882,1
4884,1
4885,1
4886,1
4887,1
4888,1
4889,1
4891,1
4892,1
4893,1
4894,1
4895,0
4896,0
4897,1
4899,1
4900,0
4901,1
4903,0
4904,1
4908,0
4909,1
4912,0
4913,1
4914,0
4915,0
4916,0
4917,0
4918,0
4919,0
4920,0
4921,0
4922,0
4923,0
4924,0
4925,0
4926,0
4927,1
4929,1
4930,1
4931,1
4932,1
4933,1
4934,1
4935,1
4936,1
4938,1
4939,0
4940,0
4941,0
4942,1
4943,0
4945,1
4946,1
4947,1
4948,1
4949,1
4950,1
4951,1
4952,1
4953,1
4954,1
4955,1
4956,1
4957,1
4958,1
4959,1
4960,1
4962,1
4963,1
4964,1
4966,1
4967,1
4968,1
4969,1
4970,1
4971,1
4974,1
4976,1
4977,1
4978,1
4979,1
4980,1
4986,0
4987,1
4988,0
4989,1
4990,0
4991,0
4992,1
4993,1
4994,1
4995,1
4996,1
4997,1
4998,1
4999,1
5000,1
5001,1
5002,1
5003,1
5004,1
5005,1
5006,1
5007,1
5008,0
5009,1
5010,1
5011,1
5012,1
5013,1
5014,1
5015,1
5016,1
5017,1
5018,1
5020,1
5021,1
5022,1
5023,1
5024,1
5025,0
5026,1
5027,1
5028,1
5029,1
5030,1
5031,1
5032,1
5033,1
5034,1
5035,1
5038,1
5039,1
5042,1
5043,1
5044,1
5045,1
5046,1
5048,1
5049,1
5050,1
5053,1
5054,0
5056,1
5057,1
5058,1
5059,1
5060,1
5061,1
5065,1
5066,1
5067,0
5068,1
5069,1
5070,1
5071,1
5072,1
5073,1
5074,1
5075,0
5076,0
5077,1
5078,0
5079,1
5080,1
5081,1
5082,1
5083,1
5084,1
5088,1
5089,1
5090,0
5091,0
5092,0
5093,0
5094,1
5095,0
5096,0
5097,0
5098,1
5099,1
5100,1
5101,0
5102,1
5103,1
5105,0
5106,0
5107,1
5108,1
5109,1
5112,1
5113,1
5114,1
5115,1
5116,0
5117,1
5118,1
5119,1
5121,1
5122,1
5123,1
5124,1
5125,1
5127,1
5128,1
5130,1
5132,1
5133,1
5134,1
5135,1
5137,1
5138,1
5139,1
5140,1
5141,0
5142,1
5143,1
5144,1
5145,1
5146,1
5147,1
5148,1
5149,1
5150,1
5151,1
5152,1
5153,0
5154,0
5156,1
5157,1
5158,1
5159,1
5160,1
5161,1
5162,1
5165,1
5166,1
5167,1
5168,1
5169,1
5170,1
5171,1
5172,1
5173,1
5174,1
5175,1
5176,0
5177,0
5178,0
5179,0
5182,0
5183,0
5184,1
5185,1
5186,1
5187,1
5188,1
5189,1
5190,0
5191,1
5192,0
5193,1
5194,1
5197,0
5198,0
5199,0
5200,0
5201,0
5204,1
5205,0
5206,0
5207,0
5208,0
5209,1
5210,1
5211,0
5212,0
5213,0
5214,0
5215,1
5216,1
5217,1
5218,1
5219,1
5220,0
5221,1
5222,1
5223,0
5224,1
5225,1
5226,1
5227,1
5228,1
5229,1
5230,1
5231,1
5232,1
5233,1
5234,1
5235,1
5236,1
5237,0
5238,1
5240,0
5241,1
5242,1
5243,0
5244,0
5245,0
5247,0
5248,1
5249,1
5251,1
5252,0
5253,1
5254,1
5255,0
5256,0
5257,0
5258,0
5260,0
5261,1
5262,1
5263,0
5264,0
5265,1
5266,1
5267,1
5268,1
5269,1
5270,0
5271,0
5272,0
5273,0
5274,1
5277,1
5278,1
5279,1
5280,1
5281,0
5282,0
5283,0
5284,1
5285,1
5286,1
5287,0
5288,1
5289,0
5290,1
5291,1
5292,1
5293,1
5294,1
5295,1
5296,1
5297,1
5298,1
5299,1
5300,1
5301,1
5302,1
5303,1
5304,1
5305,1
5306,1
5307,1
5308,1
5309,1
5310,1
5311,1
5312,1
5313,1
5315,1
5316,1
5317,1
5318,1
5319,1
5320,1
5321,1
5322,1
5323,0
5324,1
5325,0
5326,1
5328,1
5329,1
5330,1
5331,0
5332,0
5333,0
5334,0
5335,0
5336,1
5338,0
5341,1
5342,1
5343,1
5344,1
5346,1
5347,1
5348,1
5349,1
5351,1
5353,1
5354,1
5355,1
5356,1
5357,1
5358,0
5360,1
5361,1
5364,1
5365,0
5366,0
5367,1
5368,0
5371,0
5372,0
5375,0
5376,0
5377,0
5378,1
5379,1
5380,1
5381,1
5382,1
5383,0
5384,1
5385,1
5386,1
5387,1
5388,1
5389,1
5390,1
5391,1
5392,0
5393,0
5394,1
5395,1
5396,0
5397,1
5398,1
5399,1
5400,1
5401,0
5402,1
5403,1
5404,1
5405,1
5406,0
5407,1
5408,1
5409,1
5410,0
5411,1
5412,0
5415,1
5416,1
5417,1
5418,1
5419,1
5420,1
5421,1
5422,0
5423,1
5424,1
5425,1
5426,1
5427,1
5428,1
5429,1
5430,0
5431,0
5432,1
5433,1
5434,1
5435,0
5438,1
5439,1
5441,0
5442,0
5443,1
5445,1
5446,0
5447,1
5449,1
5451,1
5452,1
5453,1
5454,1
5455,1
5457,1
5458,0
5459,0
5461,0
5462,0
5463,0
5464,0
5465,1
5466,1
5467,1
5468,1
5469,1
5470,1
5471,0
5472,0
5473,1
5476,1
5477,1
5478,1
5479,1
5480,1
5484,1
5485,1
5486,1
5487,1
5488,1
5489,1
5491,1
5492,1
5493,1
5494,1
5495,1
5496,1
5497,1
5498,1
5499,1
5500,0
5501,1
5502,1
5503,1
5504,1
5505,1
5506,1
5507,1
5508,1
5509,1
5510,1
5512,1
5513,1
5514,0
5515,0
5516,0
5517,0
5518,0
5519,0
5521,0
5522,1
5523,1
5524,1
5526,0
5527,1
5529,1
5531,1
5532,1
5533,1
5534,1
5537,1
5538,1
5539,1
5540,1
5541,0
5542,0
5543,1
5544,1
5545,1
5546,1
5547,1
5548,1
5549,0
5550,1
5551,0
5552,1
5553,1
5554,1
5555,1
5556,1
5558,1
5559,0
5560,1
5561,0
5562,1
5563,1
5564,1
5565,1
5566,1
5567,1
5568,0
5569,1
5571,0
5572,0
5574,1
5575,1
5576,1
5578,1
5579,1
5580,1
5581,1
5582,1
5583,1
5585,1
5586,1
5587,0
5588,0
5589,0
5590,0
5591,1
5592,1
5593,0
5594,1
5595,1
5596,1
5597,0
5598,1
5599,1
5600,1
5601,1
5602,1
5603,1
5604,1
5605,1
5606,1
5607,1
5608,1
5609,1
5610,1
5611,1
5612,1
5613,0
5614,0
5615,0
5617,1
5621,1
5624,1
5626,1
5628,1
5630,1
5631,1
5632,1
5633,1
5634,0
5635,0
5636,0
5637,0
5638,0
5639,0
5640,0
5641,0
5642,0
5643,0
5644,0
5645,0
5647,0
5648,0
5649,0
5650,0
5651,0
5652,0
5653,0
5654,1
5655,1
5656,1
5657,1
5658,1
5659,1
5660,1
5661,1
5663,1
5664,0
5665,0
5666,1
5667,1
5668,0
5670,0
5671,1
5673,1
5674,0
5675,1
5676,0
5677,0
5678,1
5679,0
5680,0
5681,0
5683,1
5684,1
5685,0
5686,0
5687,1
5688,1
5689,1
5691,0
5692,1
5693,1
5694,0
5696,0
5697,0
5698,1
5699,0
5700,1
5701,1
5702,0
5703,1
5704,1
5705,1
5706,0
5708,1
5709,1
5710,1
5712,1
5713,1
5714,0
5715,0
5717,0
5718,0
5720,0
5721,1
5722,0
5723,1
5724,1
5725,0
5726,1
5727,1
5728,0
5730,1
5732,0
5734,1
5735,1
5736,1
5737,1
5739,0
5740,1
5741,1
5742,1
5745,0
5746,1
5748,0
5749,1
5750,0
5751,1
5752,0
5753,0
5756,0
5757,1
5758,1
5759,1
5760,1
5761,1
5763,1
5765,0
5766,1
5767,0
5768,1
5769,1
5770,1
5771,1
5773,1
5774,1
5775,1
5776,1
5777,1
5778,1
5779,1
5780,1
5781,1
5782,1
5783,1
5784,1
5785,1
5786,1
5787,1
5788,1
5789,1
5790,1
5791,0
5792,0
5793,0
5794,0
5795,0
5796,0
5797,1
5798,1
5799,0
5800,1
5801,0
5802,1
5803,1
5804,1
5805,1
5806,0
5807,1
5808,1
5809,1
5810,1
5812,1
5813,0
5815,1
5816,1
5820,1
5821,1
5823,1
5824,0
5825,1
5826,1
5827,1
5828,1
5829,1
5830,0
5831,1
5832,1
5833,0
5834,1
5835,1
5836,1
5837,0
5838,0
5839,1
5840,1
5841,1
5842,1
5843,1
5844,1
5845,1
5846,0
5847,0
5848,0
5849,1
5850,1
5851,0
5852,0
5854,0
5855,0
5856,0
5858,1
5859,0
5860,0
5861,1
5862,1
5865,1
5866,1
5867,1
5868,1
5869,1
5870,1
5871,1
5872,1
5873,1
5874,1
5875,1
5876,1
5878,1
5879,1
5880,1
5881,1
5882,1
5883,1
5884,1
5886,1
5889,0
5890,0
5891,1
5892,0
5893,1
5894,0
5895,0
5896,1
5897,1
5899,0
5900,0
5901,1
5902,1
5903,0
5904,0
5905,1
5906,1
5907,1
5909,1
5911,0
5912,0
5913,0
5914,0
5915,0
5916,0
5917,0
5918,0
5919,1
5920,1
5921,1
5922,1
5923,1
5924,1
5926,1
5927,1
5928,0
5929,1
5930,0
5932,0
5933,1
5934,0
5935,0
5936,0
5937,0
5938,0
5939,0
5940,0
5944,1
5946,0
5947,1
5949,0
5950,0
5951,0
5952,0
5953,0
5954,0
5955,0
5956,1
5957,1
5959,0
5960,0
5961,0
5962,1
5963,0
5965,1
5968,1
5969,1
5970,1
5971,1
5972,1
5973,1
5974,1
5975,1
5976,1
5977,1
5978,1
5979,1
5980,1
5981,1
5982,1
5983,1
5984,1
5985,1
5986,1
5987,1
5988,1
5990,1
5991,1
5992,0
5993,0
5994,1
5995,1
5996,1
5997,1
5998,0
5999,1
6001,1
6002,0
6003,1
6004,1
6005,0
6006,0
6007,0
6008,0
6009,0
6010,0
6011,1
6012,1
6013,1
6014,1
6015,1
6016,1
6017,0
6018,1
6019,1
6021,1
6022,0
6023,0
6029,1
6030,0
6031,1
6033,1
6035,0
6036,1
6037,1
6038,0
6039,0
6040,1
6042,0
6044,1
6045,0
6046,1
6047,0
6048,0
6049,0
6050,0
6052,1
6053,1
6054,1
6055,0
6056,0
6057,1
6058,0
6059,0
6060,1
6061,0
6062,0
6063,0
6064,1
6065,1
6066,1
6068,1
6069,1
6071,0
6072,1
6073,1
6074,1
6075,1
6076,1
6078,0
6079,0
6080,0
6081,0
6082,1
6083,0
6085,0
6086,0
6087,1
6088,0
6089,0
6091,0
6092,0
6093,1
6096,0
6097,1
6098,0
6099,1
6101,1
6102,1
6103,1
6104,1
6105,1
6106,1
6107,1
6108,0
6109,1
6110,1
6111,0
6112,0
6113,0
6114,1
6115,1
6116,1
6117,1
6118,1
6119,1
6120,1
6121,1
6122,1
6123,1
6124,1
6125,1
6126,1
6128,1
6129,0
6130,1
6131,1
6132,1
6133,0
6134,0
6135,0
6136,1
6137,1
6138,0
6142,1
6143,1
6144,1
6146,1
6148,0
6149,0
6151,0
6152,0
6153,1
6154,1
6155,1
6156,0
6159,0
6161,0
6162,0
6163,0
6164,1
6167,1
6168,0
6169,0
6170,0
6173,0
6174,1
6175,1
6176,0
6177,0
6179,0
6180,1
6183,0
6184,1
6185,1
6187,0
6188,0
6189,0
6190,0
6192,0
6193,0
6194,0
6195,1
6196,0
6197,0
6198,0
6200,0
6202,0
6203,0
6204,0
6205,0
6206,0
6207,0
6208,0
6210,0
6212,0
6213,0
6215,1
6216,1
6217,0
6218,1
6219,1
6220,0
6221,0
6222,0
6223,1
6224,1
6225,0
6226,1
6227,1
6228,1
6229,1
6230,1
6231,1
6232,1
6233,1
6234,0
6235,1
6236,0
6237,1
6238,1
6239,1
6240,1
6242,1
6243,1
6244,1
6246,1
6247,0
6248,1
6249,1
6250,1
6251,1
6254,0
6255,1
6256,0
6257,0
6258,0
6259,1
6260,1
6261,0
6262,1
6263,1
6264,1
6265,1
6266,1
6267,1
6268,1
6269,1
6270,1
6271,1
6272,1
6273,1
6274,1
6275,1
6276,1
6277,1
6278,1
6279,1
6280,1
6281,1
6282,1
6283,1
6284,1
6285,1
6286,1
6287,1
6288,0
6290,1
6292,1
6293,0
6294,1
6296,1
6299,0
6300,0
6301,1
6302,0
6303,1
6304,1
6305,0
6306,1
6307,1
6308,1
6309,0
6310,0
6311,0
6312,0
6313,0
6314,0
6315,1
6316,1
6317,0
6318,0
6319,1
6320,1
6321,0
6322,0
6323,1
6324,1
6325,1
6326,1
6327,1
6328,1
6329,1
6330,0
6331,0
6332,1
6333,1
6334,1
6336,0
6337,0
6338,0
6339,0
6340,0
6341,1
6342,0
6343,1
6344,0
6345,0
6346,1
6347,0
6348,0
6349,0
6350,0
6351,1
6352,0
6353,0
6354,0
6355,0
6356,0
6357,0
6358,1
6359,0
6360,1
6361,1
6362,1
6363,1
6364,1
6366,1
6368,1
6369,0
6370,0
6371,1
6372,1
6373,1
6374,1
6375,1
6377,1
6378,1
6379,1
6381,1
6382,0
6383,0
6384,0
6385,1
6386,0
6387,1
6389,1
6390,1
6391,1
6392,0
6393,1
6394,1
6396,1
6397,0
6398,0
6399,1
6400,1
6403,1
6404,1
6405,1
6406,0
6407,1
6408,1
6409,1
6410,0
6411,1
6413,1
6416,0
6418,1
6419,1
6421,1
6422,0
6423,0
6424,0
6425,0
6426,0
6427,0
6429,0
6430,0
6431,1
6432,0
6433,0
6435,1
6436,0
6437,0
6439,0
6440,0
6441,1
6442,0
6443,1
6445,1
6446,1
6447,0
6448,1
6449,0
6450,0
6451,0
6452,1
6453,0
6455,1
6456,1
6457,0
6458,0
6459,1
6460,1
6461,0
6462,1
6463,1
6464,1
6465,1
6466,1
6467,1
6468,1
6469,1
6470,1
6471,1
6472,1
6473,1
6474,1
6475,1
6476,1
6477,1
6478,1
6479,1
6480,1
6481,1
6482,1
6483,0
6484,0
6485,0
6486,0
6487,0
6488,1
6489,1
6490,1
6491,1
6492,1
6493,1
6494,1
6495,1
6496,1
6497,1
6498,1
6499,1
6500,1
6501,1
6502,1
6503,1
6504,1
6505,1
6506,1
6507,1
6508,1
6509,1
6510,1
6511,1
6512,0
6513,0
6514,0
6515,0
6517,0
6518,1
6519,1
6520,1
6522,0
6523,1
6524,1
6525,1
6526,1
6527,1
6529,1
6530,1
6531,1
6532,1
6533,1
6534,1
6535,1
6536,1
6537,1
6538,1
6540,1
6541,1
6542,0
6543,1
6544,1
6545,1
6546,1
6547,1
6548,1
6549,1
6550,1
6551,1
6552,1
6554,1
6555,1
6556,1
6557,1
6558,1
6559,1
6560,0
6562,1
6565,0
6566,1
6567,1
6568,1
6569,1
6572,1
6573,0
6574,0
6580,1
6581,0
6582,1
6583,0
6584,0
6585,0
6586,1
6587,1
6588,1
6589,1
6590,1
6591,1
6592,1
6596,0
6597,1
6598,0
6599,0
6600,0
6602,0
6603,0
6604,1
6605,1
6607,1
6608,0
6609,1
6614,1
6615,1
6616,1
6617,1
6618,1
6619,0
6621,1
6622,1
6623,0
6625,1
6626,1
6627,1
6628,1
6629,1
6630,1
6631,1
6632,1
6634,1
6636,1
6637,0
6638,1
6639,1
6640,1
6641,1
6642,1
6644,1
6646,0
6647,0
6648,1
6649,0
6650,1
6651,1
6652,1
6653,1
6655,1
6657,1
6658,1
6659,1
6660,1
6661,1
6662,1
6663,1
6666,0
6667,1
6669,1
6671,1
6672,1
6675,1
6676,1
6677,1
6678,1
6679,1
6680,1
6681,1
6682,1
6684,1
6687,1
6688,1
6689,1
6690,1
6691,1
6692,1
6693,1
6698,1
6700,1
6701,1
6702,1
6703,1
6704,1
6706,1
6707,1
6709,1
6710,1
6712,1
6713,1
6714,0
6715,0
6716,0
6717,0
6718,0
6719,0
6720,0
6721,0
6722,0
6723,0
6724,0
6725,0
6726,0
6727,0
6728,0
6729,0
6730,0
6731,0
6732,0
6733,0
6734,0
6735,0
6736,0
6737,0
6738,0
6741,0
6742,0
6743,0
6744,0
6745,0
6746,0
6747,0
6748,0
6749,0
6750,0
6751,0
6752,0
6753,0
6754,0
6756,0
6757,0
6758,0
6759,0
6760,0
6761,0
6762,0
6763,0
6764,0
6765,0
6766,0
6767,0
6768,0
6769,0
6770,0
6771,0
6772,0
6773,0
6774,0
6775,0
6776,0
6777,0
6778,0
6779,0
6780,0
6781,0
6782,0
6783,0
6784,0
6785,0
6786,0
6787,0
6788,0
6789,0
6790,0
6791,0
6792,0
6793,0
6794,0
6795,0
6796,0
6797,0
6798,0
6799,0
6800,0
6801,0
6802,0
6803,0
6804,0
6805,0
6806,0
6807,0
6808,0
6809,0
6810,0
6813,0
6814,0
6815,0
6816,0
6817,0
6818,0
6819,0
6820,0
6821,0
6822,0
6823,0
6824,0
6825,0
6826,0
6827,0
6828,0
6829,0
6830,0
6831,0
6832,0
6833,0
6834,0
6835,0
6836,0
6837,0
6838,0
6839,0
6840,0
6841,0
6842,0
6843,0
6844,0
6845,0
6846,0
6847,0
6849,0
6850,0
6851,0
6852,0
6853,0
6854,0
6855,0
6856,0
6857,0
6858,0
6859,0
6860,0
6861,0
6862,0
6863,0
6864,0
6865,0
6866,0
6867,0
6868,0
6869,0
6870,0
6871,0
6872,0
6873,0
6874,0
6875,0
6876,0
6877,0
6878,0
6879,0
6882,0
6883,0
6884,0
6885,0
6886,0
6887,0
6889,0
6890,0
6891,0
6892,0
6893,0
6894,0
6895,0
6896,0
6897,0
6899,0
6900,0
6901,0
6902,0
6903,0
6904,0
6905,0
6906,0
6907,0
6908,0
6909,0
6910,0
6911,0
6912,0
6913,0
6914,0
6915,0
6916,0
6917,0
6918,0
6919,0
6920,0
6921,0
6922,0
6923,0
6924,0
6925,0
6926,0
6927,0
6928,0
6929,0
6930,0
6931,0
6932,0
6933,0
6934,0
6935,0
6936,0
6937,0
6938,0
6939,0
6940,0
6941,0
6942,0
6943,0
6944,0
6945,0
6946,0
6947,0
6948,0
6949,0
6950,0
6951,0
6952,0
6953,0
6954,0
6955,0
6956,0
6957,0
6958,0
6959,0
6960,0
6961,0
6962,0
6963,0
6964,0
6965,0
6966,0
6967,0
6968,0
6969,0
6970,0
6971,0
6972,0
6973,0
6974,0
6975,0
6976,0
6977,0
6978,0
6979,0
6980,0
6981,0
6982,0
6983,0
6984,0
6985,0
6986,0
6987,1
6988,1
6989,1
6990,0
6991,0
6992,1
6993,1
6994,0
6995,1
6996,1
6997,1
6998,1
6999,1
7001,1
7002,1
7003,1
7004,1
7005,1
7006,1
7007,1
7008,1
7009,1
7010,1
7011,1
7012,1
7013,1
7014,1
7016,1
7018,1
7019,1
7020,1
7021,1
7023,1
7024,1
7025,1
7026,1
7027,1
7028,1
7029,1
7030,1
7031,1
7032,1
7033,1
7034,1
7035,1
7036,1
7037,1
7038,1
7040,0
7041,1
7042,1
7043,1
7044,1
7045,1
7046,1
7047,1
7048,1
7050,1
7051,0
7052,1
7055,1
7056,1
7057,1
7059,1
7060,1
7061,1
7062,1
7063,1
7065,1
7066,1
7067,1
7068,1
7069,1
7070,1
7071,1
7072,1
7073,1
7074,1
7075,1
7076,1
7077,1
7078,1
7081,1
7083,1
7084,1
7085,1
7086,1
7087,1
7089,1
7090,1
7091,1
7092,1
7093,1
7094,1
7095,1
7097,1
7098,1
7099,1
7100,1
7101,0
7102,0
7103,0
7104,0
7105,0
7106,0
7107,0
7108,0
7109,0
7110,0
7111,0
7112,0
7113,0
7114,0
7115,1
7116,0
7117,0
7118,0
7119,1
7120,1
7122,1
7124,1
7125,1
7126,1
7127,0
7128,1
7129,1
7130,1
7131,0
7132,1
7133,1
7134,1
7135,1
7137,1
7139,0
7140,1
7141,1
7142,0
7144,1
7145,0
7146,1
7147,1
7149,1
7150,1
7151,1
7152,0
7153,1
7154,1
7155,1
7156,1
7157,1
7158,1
7159,0
7160,1
7161,1
7162,1
7163,1
7164,1
7165,1
7166,1
7167,1
7168,1
7169,1
7170,0
7172,1
7173,1
7174,1
7175,1
7176,1
7177,1
7178,1
7179,0
7180,1
7183,1
7184,1
7185,1
7186,1
7188,1
7189,1
7190,1
7191,1
7192,1
7193,1
7194,1
7195,1
7197,1
7199,1
7200,1
7201,1
7202,1
7203,1
7204,1
7205,1
7207,1
7208,1
7209,1
7210,1
7211,1
7212,1
7213,1
7214,1
7215,1
7216,1
7217,1
7218,1
7219,1
7220,1
7221,1
7222,1
7223,1
7224,1
7225,1
7227,1
7228,1
7229,1
7230,1
7231,1
7232,1
7233,0
7234,1
7237,0
7238,0
7239,0
7240,0
7241,0
7242,0
7243,0
7244,0
7245,0
7246,0
7247,0
7248,0
7249,0
7250,0
7252,0
7253,0
7254,0
7255,0
7256,0
7257,0
7258,0
7259,0
7260,0
7261,0
7262,1
7263,1
7264,1
7265,0
7266,1
7267,1
7268,1
7269,0
7270,0
7271,0
7272,0
7273,0
7274,0
7275,0
7276,0
7277,1
7278,1
7279,1
7280,1
7282,1
7283,1
7284,1
7285,1
7286,1
7288,0
7290,1
7291,0
7292,0
7293,0
7297,1
7298,1
7301,1
7302,1
7303,0
7305,1
7306,1
7307,0
7308,1
7309,1
7311,1
7312,1
7313,1
7314,1
7317,1
7318,0
7319,1
7320,0
7321,1
7322,1
7323,0
7324,0
7325,0
7326,0
7328,0
7329,0
7330,1
7331,1
7332,1
7335,0
7336,1
7337,1
7338,0
7339,1
7340,1
7341,0
7342,0
7343,0
7344,1
7346,0
7347,1
7348,1
7350,0
7352,1
7353,1
7354,1
7355,1
7357,1
7358,1
7359,0
7360,1
7361,1
7362,1
7363,1
7364,1
7365,1
7366,0
7367,0
7368,1
7369,1
7371,1
7374,1
7375,1
7376,0
7377,0
7378,1
7379,1
7381,1
7383,1
7384,1
7385,1
7386,1
7387,1
7388,1
7389,1
7390,1
7391,1
7392,1
7393,0
7394,0
7397,0
7398,0
7399,0
7400,0
7401,0
7402,0
7403,0
7404,0
7405,0
7406,0
7407,0
7408,0
7409,0
7410,0
7411,0
7412,0
7413,0
7414,0
7416,0
7417,0
7418,0
7419,0
7420,0
7421,0
7422,0
7423,0
7424,0
7425,0
7426,0
7427,0
7429,1
7430,1
7431,1
7432,0
7434,0
7435,0
7436,1
7437,1
7439,0
7440,0
7441,1
7442,1
7444,1
7445,1
7446,1
7447,0
7448,1
7449,1
7450,1
7451,0
7452,0
7453,0
7455,1
7456,1
7457,1
7458,0
7460,0
7461,1
7462,0
7463,0
7464,1
7465,0
7467,0
7468,0
7469,0
7471,0
7472,0
7473,0
7474,0
7475,1
7476,0
7477,1
7479,0
7480,1
7481,1
7482,1
7483,0
7484,1
7486,1
7487,1
7488,0
7489,1
7490,1
7492,1
7493,1
7494,1
7495,1
7496,1
7497,1
7498,1
7499,0
7500,0
7501,0
7502,1
7503,1
7504,1
7505,1
7507,1
7508,1
7509,1
7510,1
7511,1
7512,1
7513,1
7514,1
7515,1
7517,1
7518,1
7519,1
7520,1
7521,1
7522,1
7523,1
7524,1
7525,1
7526,1
7527,0
7528,0
7529,1
7530,1
7531,1
7532,1
7533,0
7534,0
7535,1
7536,1
7537,1
7539,0
7541,1
7542,1
7543,1
7544,1
7545,1
7546,1
7547,0
7548,1
7550,1
7551,1
7552,1
7553,1
7554,1
7555,1
7556,1
7557,1
7558,1
7559,1
7560,1
7561,1
7562,1
7563,1
7564,1
7565,1
7566,1
7567,1
7568,0
7570,0
7571,1
7572,1
7573,0
7574,1
7575,1
7576,1
7577,1
7578,1
7579,1
7580,1
7581,1
7582,1
7583,1
7584,1
7585,1
7586,1
7587,0
7588,1
7589,1
7590,1
7591,1
7592,1
7593,1
7594,1
7595,1
7596,1
7597,1
7598,1
7599,1
7600,1
7601,1
7602,1
7603,1
7604,1
7605,1
7606,1
7607,0
7608,1
7609,1
7610,1
7611,1
7612,1
7613,1
7614,1
7615,1
7616,1
7617,1
7618,1
7619,1
7620,1
7621,1
7622,1
7623,1
7624,1
7625,1
7626,1
7627,1
7628,1
7629,1
7630,1
7631,1
7632,1
7633,1
7634,1
7635,0
7636,1
7637,0
7638,0
7639,1
7640,0
7641,1
7642,1
7643,0
7644,0
7645,1
7646,0
7647,1
7648,1
7649,1
7650,1
7651,0
7652,1
7653,1
7654,1
7655,1
7656,0
7657,1
7659,1
7660,1
7661,1
7662,1
7663,1
7664,1
7665,0
7666,1
7667,1
7668,1
7669,1
7670,1
7671,1
7672,1
7673,1
7674,0
7675,1
7676,1
7677,1
7678,1
7679,1
7681,1
7682,1
7683,1
7684,1
7685,1
7686,1
7687,1
7688,0
7689,1
7690,1
7692,1
7693,0
7694,1
7696,1
7697,1
7698,1
7699,1
7700,1
7701,1
7702,1
7703,1
7705,0
7706,1
7707,1
7708,0
7709,1
7710,0
7712,1
7714,0
7715,1
7716,1
7717,1
7718,1
7719,1
7720,0
7721,0
7722,0
7723,0
7724,1
7725,1
7726,0
7727,1
7728,1
7729,1
7730,1
7731,1
7732,1
7733,1
7734,1
7735,1
7736,1
7737,1
7738,1
7739,0
7740,1
7741,1
7742,1
7743,1
7744,1
7745,1
7746,1
7748,1
7749,0
7750,1
7751,1
7752,0
7753,0
7754,1
7756,1
7758,1
7759,1
7760,1
7761,1
7762,1
7764,1
7765,1
7766,1
7767,1
7768,1
7769,1
7770,1
7771,1
7772,1
7774,1
7775,1
7776,0
7777,0
7778,0
7779,0
7780,0
7781,0
7783,1
7784,1
7785,1
7786,1
7787,1
7789,1
7790,1
7791,1
7793,1
7794,1
7795,1
7796,1
7797,1
7798,1
7799,1
7801,0
7802,0
7804,1
7805,1
7808,1
7809,1
7811,1
7812,1
7813,1
7814,0
7815,1
7816,1
7817,1
7820,1
7821,1
7823,1
7824,1
7825,1
7827,1
7828,1
7829,1
7830,1
7831,1
7832,1
7833,1
7834,1
7835,0
7836,1
7837,1
7838,1
7839,0
7840,1
7841,1
7842,1
7843,1
7844,1
7845,1
7846,1
7847,1
7848,1
7849,1
7850,1
7851,1
7852,1
7853,1
7854,1
7855,1
7856,1
7857,1
7858,1
7859,1
7860,1
7861,1
7862,1
7863,1
7865,1
7866,1
7867,0
7868,1
7869,1
7870,1
7871,1
7873,1
7874,0
7876,1
7877,1
7878,1
7879,1
7880,0
7882,1
7883,1
7884,1
7885,1
7887,1
7888,1
7889,1
7891,0
7892,1
7893,0
7894,1
7895,1
7896,1
7897,0
7898,0
7899,1
7901,1
7902,0
7903,1
7904,1
7905,1
7906,1
7907,1
7908,1
7909,1
7912,1
7915,1
7916,1
7918,1
7919,1
7921,1
7922,1
7923,0
7924,0
7925,0
7926,0
7927,0
7928,0
7930,0
7931,0
7932,0
7933,0
7934,1
7935,1
7936,1
7938,0
7939,1
7940,1
7943,1
7944,1
7945,1
7946,1
7947,1
7948,1
7949,1
7950,1
7951,1
7953,1
7954,1
7955,1
7956,0
7957,1
7958,1
7959,1
7960,0
7961,0
7962,1
7963,0
7964,1
7965,1
7967,1
7969,1
7970,1
7972,1
7973,1
7974,1
7975,1
7976,0
7977,0
7978,1
7980,1
7982,1
7983,1
7984,1
7985,1
7986,1
7987,1
7988,1
7989,1
7990,1
7991,1
7992,1
7993,1
7994,1
7995,1
7996,1
7997,1
7998,1
7999,1
8000,1
8001,1
8002,0
8004,0
8005,1
8006,1
8007,1
8008,1
8009,0
8010,1
8011,1
8012,1
8013,1
8015,1
8017,1
8018,1
8019,1
8020,0
8021,1
8022,0
8023,0
8024,0
8025,1
8026,1
8027,1
8029,0
8030,1
8032,1
8034,1
8035,0
8040,1
8042,0
8047,0
8049,1
8050,1
8051,1
8052,1
8053,1
8054,1
8056,1
8057,0
8059,1
8060,1
8061,1
8062,0
8063,1
8064,1
8067,1
8069,1
8070,1
8072,1
8073,1
8074,1
8076,0
8077,0
8078,0
8079,0
8080,0
8081,0
8082,0
8084,0
8085,0
8087,0
8088,0
8089,0
8090,0
8091,0
8092,0
8093,0
8094,0
8095,0
8096,0
8097,0
8098,0
8099,0
8100,0
8101,0
8102,0
8103,0
8104,0
8105,0
8106,0
8107,0
8108,0
8109,0
8110,0
8111,0
8112,0
8113,0
8114,0
8115,1
8116,0
8117,0
8118,1
8119,1
8120,1
8121,1
8122,1
8123,0
8126,0
8127,1
8128,1
8129,1
8131,1
8133,1
8134,1
8135,1
8136,1
8137,1
8138,1
8139,1
8140,1
8141,1
8142,1
8143,1
8144,1
8145,1
8146,1
8147,1
8148,1
8149,1
8150,1
8151,1
8152,1
8153,1
8154,1
8155,1
8156,1
8157,1
8158,1
8159,1
8160,1
8161,1
8162,1
8163,0
8164,1
8165,1
8166,1
8167,1
8168,1
8169,1
8170,1
8171,1
8172,1
8173,1
8174,1
8175,1
8176,1
8177,1
8178,1
8179,1
8180,1
8181,1
8182,1
8183,1
8184,1
8185,1
8186,1
8187,1
8188,0
8189,1
8190,0
8191,0
8192,1
8193,1
8194,0
8196,1
8197,1
8198,1
8199,1
8200,1
8201,1
8202,1
8203,1
8204,1
8205,1
8206,1
8207,0
8208,1
8209,1
8210,1
8211,1
8212,1
8213,1
8216,1
8217,1
8218,1
8219,0
8220,1
8221,1
8222,0
8223,0
8224,1
8225,1
8227,1
8228,1
8229,1
8230,1
8231,1
8232,1
8233,1
8234,1
8235,1
8236,1
8237,1
8238,1
8239,1
8240,0
8241,1
8242,1
8243,1
8248,0
8249,0
8250,0
8251,0
8252,0
8253,0
8254,0
8255,0
8256,0
8257,0
8258,0
8259,0
8260,0
8261,0
8262,0
8263,0
8264,0
8265,0
8266,0
8267,0
8268,1
8269,0
8270,0
8271,0
8272,0
8274,0
8275,0
8276,0
8277,1
8279,1
8280,0
8281,1
8282,0
8283,1
8287,1
8289,0
8291,1
8292,1
8293,0
8295,0
8296,1
8299,1
8300,0
8302,0
8303,1
8305,0
8306,0
8307,0
8308,1
8309,1
8310,0
8311,1
8312,1
8313,1
8314,1
8315,0
8316,1
8317,0
8318,0
8319,0
8320,1
8323,0
8325,1
8330,0
8331,1
8334,1
8335,1
8336,1
8337,0
8338,0
8339,0
8340,0
8341,0
8342,0
8343,0
8344,0
8347,0
8348,0
8349,0
8350,0
8351,1
8352,1
8353,1
8354,1
8355,1
8356,1
8358,1
8359,1
8360,1
8361,1
8363,1
8366,0
8367,0
8368,0
8369,1
8370,1
8371,0
8372,0
8373,0
8374,0
8379,0
8380,0
8383,0
8384,0
8385,0
8388,1
8390,0
8391,0
8392,0
8395,1
8396,1
8397,1
8398,1
8399,1
8400,1
8401,1
8402,1
8403,1
8404,1
8405,1
8406,1
8407,1
8409,1
8410,1
8411,1
8412,1
8413,1
8414,0
8416,1
8419,1
8420,1
8421,1
8422,0
8423,1
8425,1
8426,1
8428,1
8429,1
8430,1
8431,1
8433,1
8435,0
8436,1
8437,1
8439,1
8440,1
8444,1
8445,1
8446,1
8447,1
8448,1
8449,1
8450,1
8451,1
8452,1
8455,0
8456,1
8457,1
8458,1
8459,1
8460,1
8461,0
8462,1
8463,1
8464,1
8465,1
8466,1
8467,0
8468,1
8469,0
8470,0
8471,1
8473,1
8474,0
8475,0
8476,1
8477,1
8478,0
8479,1
8480,1
8482,1
8483,1
8484,1
8485,1
8486,0
8488,0
8489,0
8490,1
8491,0
8492,1
8493,1
8494,0
8495,0
8496,1
8497,1
8498,1
8499,1
8500,1
8501,1
8502,1
8503,1
8504,0
8505,1
8506,1
8507,1
8508,0
8509,1
8510,1
8511,1
8513,1
8514,1
8515,1
8516,1
8517,1
8519,0
8520,1
8522,1
8523,1
8524,1
8525,1
8526,1
8527,1
8528,1
8529,1
8530,1
8531,1
8534,1
8535,1
8536,1
8537,0
8538,1
8539,1
8540,1
8541,1
8542,1
8543,1
8544,1
8545,1
8546,1
8547,1
8548,1
8549,0
8550,0
8551,0
8552,0
8553,0
8554,0
8555,0
8557,0
8558,0
8559,0
8560,0
8561,0
8562,0
8563,0
8564,0
8565,0
8566,0
8567,0
8568,0
8569,0
8570,0
8571,0
8572,0
8573,0
8574,0
8575,0
8576,0
8577,0
8578,0
8579,0
8580,0
8581,0
8583,1
8584,1
8585,1
8586,1
8587,1
8588,1
8591,1
8592,0
8593,1
8594,0
8595,0
8596,0
8597,1
8598,0
8599,0
8600,0
8601,1
8602,0
8604,1
8605,0
8606,0
8607,1
8608,1
8610,0
8611,1
8612,0
8613,0
8614,0
8615,1
8616,0
8618,1
8619,1
8620,1
8621,0
8624,1
8625,1
8626,1
8628,0
8630,1
8631,1
8632,1
8633,1
8634,1
8635,1
8636,1
8637,0
8638,0
8639,1
8640,1
8641,1
8642,0
8643,1
8644,1
8645,0
8647,0
8648,1
8649,1
8650,1
8651,1
8652,1
8654,1
8655,1
8656,1
8657,1
8658,1
8660,1
8661,1
8662,1
8663,1
8664,1
8665,1
8667,1
8669,1
8670,1
8671,1
8672,1
8673,1
8674,1
8675,1
8676,1
8677,1
8678,0
8679,1
8680,1
8681,1
8683,1
8684,1
8685,1
8687,0
8688,1
8689,1
8690,1
8692,1
8693,1
8694,1
8695,1
8697,1
8698,1
8700,0
8701,1
8702,1
8703,1
8704,1
8705,1
8706,1
8707,1
8709,1
8710,1
8711,1
8712,1
8713,1
8714,0
8715,1
8716,1
8717,1
8718,1
8719,0
8720,1
8721,1
8722,1
8723,1
8724,1
8725,0
8726,1
8727,1
8729,0
8730,0
8733,1
8734,1
8735,0
8736,0
8737,1
8738,1
8739,0
8740,0
8741,0
8742,1
8744,0
8745,1
8747,0
8748,1
8749,0
8750,1
8751,1
8752,1
8754,1
8756,1
8757,1
8758,1
8760,1
8761,1
8762,1
8766,1
8767,1
8768,1
8770,1
8771,1
8772,1
8773,1
8774,1
8775,1
8777,1
8778,1
8779,1
8780,0
8782,1
8784,1
8785,0
8787,0
8788,0
8789,0
8790,0
8791,0
8794,0
8795,1
8798,1
8799,1
8800,1
8801,1
8802,0
8805,1
8806,1
8807,1
8808,0
8809,0
8810,0
8811,0
8813,1
8816,1
8817,1
8818,1
8819,1
8820,1
8821,1
8823,0
8825,1
8826,1
8827,1
8828,1
8829,1
8830,1
8831,1
8833,1
8834,1
8836,0
8837,0
8839,1
8840,1
8841,1
8843,1
8844,1
8846,0
8847,1
8848,1
8849,1
8850,1
8852,1
8853,0
8854,0
8855,0
8856,1
8857,0
8858,0
8859,0
8861,0
8866,0
8867,0
8868,0
8871,0
8872,0
8873,1
8874,0
8876,1
8877,1
8878,0
8879,1
8881,0
8882,1
8883,1
8885,1
8886,0
8888,1
8890,1
8891,1
8894,1
8895,1
8896,1
8897,1
8899,1
8900,1
8901,1
8902,1
8903,0
8904,1
8906,1
8907,1
8908,1
8909,1
8910,1
8911,1
8912,1
8913,1
8914,1
8917,0
8919,1
8920,1
8922,0
8923,1
8924,1
8925,1
8926,1
8927,1
8928,1
8929,1
8930,1
8931,1
8932,0
8933,1
8934,1
8935,1
8936,1
8937,1
8938,1
8939,1
8941,1
8942,1
8943,1
8946,1
8947,1
8948,1
8950,1
8951,1
8952,1
8954,1
8956,1
8957,1
8958,1
8959,1
8960,0
8961,0
8962,0
8963,0
8964,0
8965,0
8966,0
8967,0
8968,0
8969,1
8970,1
8971,1
8972,1
8973,1
8974,1
8975,1
8976,1
8977,1
8978,1
8979,1
8980,1
8981,1
8982,1
8983,1
8984,1
8985,1
8986,1
8987,0
8988,0
8989,0
8990,0
8991,0
8992,1
8994,0
8996,1
8997,0
8998,0
8999,0
9000,0
9002,1
9003,1
9004,0
9005,0
9006,0
9008,0
9009,0
9010,1
9011,0
9012,0
9013,0
9014,0
9015,0
9018,0
9019,0
9020,1
9021,0
9022,1
9023,0
9024,0
9025,0
9026,0
9027,0
9028,1
9030,0
9031,0
9032,0
9033,0
9034,1
9035,1
9036,1
9038,1
9039,1
9040,1
9042,0
9043,1
9044,1
9045,1
9047,1
9048,1
9049,0
9050,1
9051,1
9052,1
9053,0
9054,1
9055,1
9056,1
9057,1
9058,1
9059,1
9060,1
9061,1
9062,1
9063,1
9064,1
9065,1
9066,1
9067,1
9068,1
9069,1
9070,1
9071,0
9072,1
9073,0
9074,1
9075,1
9076,1
9077,1
9082,1
9084,1
9085,1
9088,1
9089,1
9090,0
9091,0
9092,1
9093,1
9094,1
9095,1
9096,1
9097,1
9098,1
9099,1
9100,1
9101,1
9102,1
9103,0
9104,1
9105,0
9106,1
9107,1
9108,1
9109,1
9110,0
9111,1
9112,0
9113,1
9114,1
9116,0
9117,1
9118,1
9119,0
9120,1
9121,1
9122,1
9123,1
9124,1
9125,1
9126,1
9127,1
9129,1
9130,1
9131,1
9132,1
9133,1
9137,1
9138,1
9139,1
9140,1
9141,0
9145,1
9146,1
9147,1
9148,1
9149,1
9150,0
9152,1
9153,1
9154,1
9155,1
9156,1
9157,0
9158,0
9159,0
9160,0
9161,0
9162,0
9163,1
9164,0
9165,0
9166,0
9168,0
9169,0
9170,0
9171,0
9172,1
9173,1
9174,1
9175,0
9176,1
9177,0
9178,1
9179,1
9180,1
9181,0
9182,0
9183,0
9184,0
9185,0
9186,1
9187,1
9188,1
9189,1
9191,0
9192,0
9193,1
9194,1
9196,0
9197,1
9198,1
9200,1
9201,1
9202,1
9204,1
9205,1
9206,1
9207,1
9210,0
9211,0
9212,0
9213,0
9214,0
9215,0
9216,0
9217,0
9218,0
9219,0
9220,0
9221,0
9222,0
9223,0
9224,0
9225,0
9226,0
9227,0
9228,0
9229,1
9232,1
9233,1
9234,1
9235,1
9236,1
9237,1
9238,0
9239,0
9240,0
9242,1
9243,0
9244,1
9245,0
9246,0
9247,1
9248,0
9249,0
9250,1
9251,0
9253,0
9255,0
9256,0
9257,0
9258,1
9260,0
9261,0
9262,0
9263,0
9264,0
9265,0
9266,0
9267,1
9268,0
9269,1
9270,0
9272,1
9274,1
9277,0
9278,0
9279,1
9280,0
9281,0
9282,1
9283,1
9284,1
9285,1
9286,1
9288,1
9289,1
9290,1
9291,1
9292,0
9293,1
9294,1
9295,0
9296,1
9297,1
9298,1
9299,1
9300,1
9301,1
9302,0
9303,1
9304,1
9305,1
9306,1
9307,0
9308,0
9309,1
9310,1
9311,1
9312,1
9313,1
9314,1
9315,0
9316,1
9317,1
9318,1
9319,1
9320,1
9321,1
9322,1
9323,1
9324,1
9325,1
9326,0
9327,1
9328,1
9329,0
9330,1
9331,0
9333,0
9334,1
9335,1
9336,1
9337,1
9338,1
9339,0
9340,0
9341,0
9342,0
9344,1
9345,1
9346,1
9347,1
9348,1
9349,0
9350,0
9351,1
9353,1
9354,1
9355,1
9356,1
9357,1
9358,1
9359,0
9360,1
9361,0
9362,1
9363,1
9364,1
9365,1
9366,1
9367,0
9368,0
9369,0
9370,0
9371,0
9372,1
9373,1
9375,1
9377,1
9378,1
9379,0
9380,1
9381,0
9383,0
9384,1
9385,1
9387,1
9388,0
9389,0
9390,0
9391,0
9392,1
9393,0
9394,1
9396,1
9397,0
9398,1
9399,1
9400,1
9401,1
9402,1
9403,1
9404,1
9406,1
9407,1
9408,1
9409,0
9410,1
9411,1
9412,1
9413,1
9414,1
9416,1
9417,0
9419,0
9420,1
9421,0
9422,0
9423,0
9424,1
9425,0
9426,0
9427,0
9428,0
9429,0
9430,0
9432,1
9434,0
9435,0
9436,0
9437,0
9438,0
9439,0
9440,0
9442,1
9443,1
9444,0
9445,0
9446,1
9447,1
9448,1
9449,1
9450,1
9452,1
9453,1
9454,1
9455,0
9456,1
9457,1
9458,1
9460,0
9461,0
9462,0
9464,0
9467,0
9468,1
9469,0
9470,1
9471,1
9472,0
9474,0
9475,1
9476,0
9477,1
9478,1
9479,1
9480,0
9481,1
9482,1
9483,1
9484,1
9486,1
9487,1
9488,1
9489,1
9490,1
9491,1
9492,1
9493,1
9494,1
9496,0
9498,1
9499,1
9500,1
9502,1
9503,1
9504,1
9507,0
9509,1
9510,1
9511,1
9512,0
9513,0
9514,0
9515,0
9516,0
9517,0
9518,0
9519,0
9520,0
9521,0
9522,0
9523,1
9524,1
9525,1
9526,1
9527,1
9528,1
9529,1
9530,1
9531,1
9532,1
9533,0
9535,1
9537,1
9538,0
9539,1
9540,1
9541,1
9543,1
9545,1
9546,0
9549,0
9551,1
9552,1
9553,0
9554,0
9555,0
9556,0
9557,0
9558,1
9559,1
9560,1
9561,1
9563,1
9564,0
9565,1
9566,1
9567,1
9568,0
9570,1
9571,1
9572,0
9573,0
9574,0
9575,0
9576,0
9577,0
9578,0
9580,0
9582,0
9583,0
9585,0
9586,0
9587,0
9588,0
9589,0
9590,0
9591,0
9592,0
9593,0
9594,0
9595,0
9596,0
9597,0
9598,0
9599,0
9600,0
9601,0
9602,1
9604,1
9605,1
9606,1
9607,1
9608,0
9609,1
9610,0
9611,1
9612,1
9613,0
9614,1
9615,0
9616,0
9617,0
9619,0
9620,0
9622,1
9623,1
9624,1
9625,1
9626,1
9627,1
9628,1
9629,1
9630,1
9631,0
9632,0
9633,1
9634,0
9635,0
9636,1
9637,1
9638,0
9639,1
9640,0
9641,0
9642,0
9643,1
9644,0
9646,1
9647,1
9648,0
9649,1
9650,1
9651,1
9653,1
9654,1
9656,1
9659,0
9660,1
9661,1
9663,0
9664,1
9665,1
9666,1
9667,1
9668,1
9669,1
9670,0
9672,0
9673,0
9674,0
9675,1
9676,1
9680,0
9683,0
9685,0
9686,0
9690,0
9691,0
9692,0
9696,1
9697,1
9698,1
9699,1
9700,1
9701,0
9702,1
9703,0
9704,1
9705,1
9706,1
9707,1
9708,1
9709,0
9710,0
9711,1
9712,1
9713,1
9714,1
9715,1
9716,1
9717,1
9718,1
9719,1
9720,1
9721,1
9722,1
9723,1
9724,1
9725,0
9726,0
9727,0
9729,1
9730,1
9731,1
9732,1
9733,1
9734,1
9735,1
9736,1
9737,1
9738,1
9739,1
9740,0
9741,1
9742,0
9743,1
9744,1
9745,1
9746,1
9747,1
9748,1
9749,1
9750,1
9751,1
9752,1
9753,1
9754,1
9756,1
9758,1
9759,1
9760,1
9761,1
9762,1
9764,1
9765,1
9766,1
9767,1
9769,1
9770,1
9771,0
9772,0
9773,0
9774,0
9775,0
9776,0
9777,0
9778,0
9779,0
9780,0
9781,0
9782,0
9783,0
9784,0
9786,0
9787,0
9788,0
9789,0
9790,0
9792,0
9793,0
9794,0
9795,0
9796,0
9797,0
9798,0
9799,0
9800,0
9802,0
9803,0
9804,0
9805,0
9806,0
9807,0
9808,0
9809,0
9810,0
9811,0
9812,0
9813,0
9814,0
9815,0
9816,0
9817,1
9818,1
9819,1
9820,1
9821,1
9822,1
9823,0
9825,0
9826,0
9827,0
9828,0
9829,0
9830,0
9831,1
9832,0
9833,0
9834,0
9835,1
9836,0
9838,1
9839,0
9840,0
9841,1
9842,1
9843,1
9844,1
9845,1
9846,1
9847,1
9848,1
9849,1
9850,1
9851,1
9852,1
9853,1
9854,1
9855,1
9856,1
9857,1
9858,1
9859,1
9860,1
9861,1
9862,1
9863,0
9864,0
9865,0
9866,1
9867,1
9869,0
9870,0
9873,1
9874,1
9876,0
9877,1
9878,0
9880,0
9884,0
9885,1
9886,1
9887,1
9888,1
9889,1
9892,1
9893,1
9894,0
9896,1
9898,1
9900,1
9901,1
9902,1
9903,0
9904,0
9905,0
9906,1
9910,0
9912,1
9913,1
9914,1
9916,0
9917,0
9918,0
9919,0
9920,0
9921,0
9922,0
9923,0
9924,0
9925,1
9926,1
9927,1
9928,1
9929,0
9930,1
9931,0
9932,1
9933,1
9934,1
9935,1
9936,1
9937,1
9938,1
9939,1
9940,1
9941,0
9942,1
9943,1
9944,1
9945,0
9946,0
9948,0
9949,1
9950,1
9951,1
9952,1
9953,0
9955,1
9956,1
9958,1
9960,1
9962,0
9963,0
9964,1
9966,1
9967,1
9968,1
9969,1
9970,1
9971,1
9972,0
9973,0
9974,0
9975,0
9977,0
9978,0
9979,0
9981,0
9982,0
9983,0
9984,0
9985,0
9986,0
9987,0
9988,0
9989,0
9990,0
9991,0
9992,0
9993,0
9994,0
9995,0
9996,0
9997,0
9998,0
9999,0
10000,0
10001,0
10002,0
10003,0
10004,0
10005,0
10006,0
10007,0
10008,0
10009,0
10010,0
10011,0
10012,0
10013,0
10015,0
10016,0
10017,0
10018,0
10019,0
10020,0
10021,0
10022,0
10023,0
10025,0
10026,0
10027,0
10028,0
10029,0
10030,0
10031,0
10032,0
10033,0
10034,0
10035,0
10036,0
10037,0
10038,0
10039,0
10040,0
10041,0
10042,0
10043,0
10044,0
10045,0
10046,0
10047,0
10048,0
10049,0
10050,0
10051,0
10052,0
10053,0
10054,1
10055,1
10056,0
10057,0
10059,0
10060,1
10061,1
10062,1
10063,1
10064,0
10065,1
10066,0
10067,1
10068,1
10069,0
10070,1
10071,0
10072,0
10073,1
10074,1
10076,1
10077,1
10078,1
10079,0
10080,0
10081,0
10082,1
10083,1
10084,1
10085,0
10086,0
10087,1
10088,1
10089,1
10090,1
10091,0
10093,0
10094,1
10095,1
10096,0
10097,1
10098,1
10099,1
10100,0
10102,0
10103,1
10104,0
10105,1
10106,1
10107,0
10108,1
10109,1
10110,1
10112,1
10114,1
10115,1
10116,1
10119,0
10120,0
10121,0
10122,0
10123,0
10124,0
10125,0
10126,0
10127,1
10128,1
10129,1
10130,1
10131,1
10132,1
10133,1
10134,1
10135,1
10136,1
10137,1
10138,0
10139,1
10140,1
10141,1
10142,1
10143,1
10144,1
10145,1
10146,1
10147,1
10148,1
10150,1
10151,0
10152,1
10153,1
10154,1
10155,1
10156,1
10157,1
10158,1
10159,1
10160,1
10161,1
10162,1
10163,1
10164,1
10165,1
10167,1
10168,1
10169,1
10170,1
10171,0
10172,0
10173,0
10174,1
10175,1
10176,0
10177,0
10178,0
10179,1
10180,0
10181,1
10182,0
10183,0
10184,1
10185,0
10186,0
10187,0
10188,0
10189,1
10190,1
10191,0
10192,0
10193,0
10194,0
10195,1
10196,1
10197,1
10198,1
10199,1
10200,0
10201,1
10202,0
10203,1
10204,1
10206,1
10207,1
10208,1
10209,1
10210,1
10211,1
10212,1
10213,1
10214,1
10216,1
10217,1
10218,1
10219,1
10221,1
10223,1
10224,1
10225,1
10226,1
10227,1
10228,1
10229,1
10230,1
10231,1
10232,1
10236,0
10237,0
10238,1
10239,1
10240,1
10241,1
10242,1
10243,1
10244,1
10245,1
10246,1
10247,1
10248,1
10249,1
10250,1
10251,1
10252,1
10253,1
10254,1
10255,1
10256,1
10257,1
10258,1
10259,1
10260,1
10261,1
10262,1
10263,1
10264,1
10265,0
10266,1
10267,0
10269,1
10270,1
10271,1
10272,1
10273,1
10274,1
10275,1
10276,0
10277,1
10278,1
10279,1
10280,1
10281,1
10282,0
10283,0
10284,1
10285,1
10286,1
10287,1
10288,1
10289,1
10290,1
10291,1
10292,1
10293,1
10294,1
10295,1
10296,1
10297,1
10298,1
10299,1
10300,1
10301,1
10302,1
10303,1
10304,1
10305,1
10307,1
10309,1
10310,1
10311,1
10312,0
10314,1
10315,0
10316,1
10317,1
10318,1
10319,0
10321,1
10322,0
10323,1
10325,0
10326,1
10327,1
10328,1
10331,0
10332,1
10333,1
10334,1
10335,1
10336,1
10337,1
10338,1
10339,0
10340,1
10341,1
10342,1
10343,1
10344,1
10345,1
10346,1
10347,1
10348,1
10349,0
10350,1
10351,1
10352,1
10353,1
10354,1
10355,1
10356,1
10357,1
10358,1
10359,1
10360,0
10362,1
10363,1
10364,1
10365,1
10367,0
10369,0
10370,0
10371,0
10372,1
10373,1
10374,1
10376,1
10377,1
10380,1
10381,1
10383,1
10384,1
10385,1
10386,1
10388,1
10389,1
10390,1
10391,0
10392,0
10393,0
10394,1
10397,0
10398,1
10399,0
10400,1
10401,1
10402,1
10404,1
10406,1
10407,0
10408,1
10409,1
10410,1
10411,1
10412,1
10413,1
10414,1
10416,1
10417,1
10418,1
10419,1
10421,1
10422,1
10423,1
10425,0
10426,1
10428,1
10431,0
10432,0
10433,1
10434,1
10435,1
10436,1
10437,1
10438,1
10439,1
10440,1
10441,1
10442,1
10443,0
10444,0
10445,0
10446,0
10448,0
10449,0
10450,0
10451,0
10452,0
10453,0
10454,0
10455,0
10456,0
10457,0
10458,0
10459,0
10460,0
10461,0
10462,0
10463,0
10464,0
10465,0
10466,0
10467,0
10468,0
10469,0
10470,0
10471,0
10472,1
10473,0
10474,0
10475,1
10476,0
10477,0
10478,1
10479,0
10481,0
10483,1
10484,0
10485,0
10486,0
10487,1
10488,1
10489,0
10490,1
10491,0
10492,0
10493,0
10495,0
10496,0
10497,0
10498,0
10499,0
10500,0
10501,0
10502,0
10503,1
10504,1
10506,0
10507,0
10508,0
10509,0
10510,0
10512,0
10514,0
10515,0
10516,0
10517,0
10519,0
10520,0
10521,0
10522,1
10523,0
10525,0
10526,0
10527,0
10528,0
10529,0
10530,0
10531,0
10532,0
10533,0
10534,0
10536,0
10537,0
10538,0
10539,1
10540,0
10541,0
10542,0
10543,0
10544,1
10545,0
10546,0
10548,1
10549,0
10550,0
10551,0
10552,0
10554,1
10555,0
10556,0
10557,1
10558,0
10559,0
10560,1
10561,0
10563,0
10564,0
10565,0
10566,0
10567,0
10569,0
10572,1
10573,0
10574,0
10575,0
10576,0
10577,1
10578,0
10579,1
10580,1
10581,1
10582,0
10583,1
10584,0
10585,1
10586,0
10587,1
10588,0
10589,0
10590,1
10592,1
10593,0
10594,1
10595,0
10596,0
10598,1
10599,1
10601,1
10602,1
10603,1
10604,1
10605,1
10606,1
10607,1
10608,0
10609,1
10610,1
10611,1
10612,1
10614,1
10615,1
10616,1
10617,1
10618,0
10619,1
10620,1
10621,1
10623,1
10624,0
10625,1
10629,0
10630,0
10631,1
10632,1
10633,1
10634,1
10636,1
10637,1
10639,0
10640,1
10642,1
10643,1
10645,1
10646,1
10647,1
10648,1
10649,1
10650,1
10651,1
10652,1
10653,1
10654,1
10655,1
10657,1
10658,1
10659,1
10660,1
10662,1
10663,1
10664,1
10665,1
10666,1
10667,0
10668,1
10670,1
10671,1
10674,1
10676,1
10677,1
10678,0
10680,1
10681,1
10682,1
10683,1
10684,1
10685,1
10686,1
10687,1
10688,1
10690,0
10691,0
10692,1
10693,1
10694,1
10696,0
10697,0
10698,1
10699,1
10700,0
10701,0
10702,0
10703,1
10704,0
10705,1
10706,1
10707,1
10710,0
10711,1
10712,0
10713,1
10714,0
10715,0
10716,1
10717,0
10718,0
10719,1
10721,0
10723,0
10724,1
10725,0
10726,1
10727,1
10728,1
10729,1
10730,0
10731,1
10732,1
10733,1
10734,1
10735,1
10737,1
10740,1
10742,1
10743,1
10744,1
10745,1
10746,1
10747,1
10748,1
10749,1
10751,1
10752,1
10753,1
10754,1
10755,1
10756,1
10757,1
10758,1
10760,1
10761,1
10762,1
10765,1
10766,1
10768,0
10769,1
10770,1
10773,1
10774,1
10776,1
10777,1
10778,1
10779,1
10780,1
10782,1
10783,1
10784,1
10785,1
10786,1
10787,1
10788,1
10789,1
10790,1
10791,1
10792,1
10793,1
10795,1
10796,1
10797,0
10798,0
10799,0
10800,0
10801,0
10802,0
10803,0
10804,0
10805,0
10806,0
10807,0
10808,0
10809,0
10810,0
10811,0
10812,0
10813,0
10814,0
10815,0
10816,0
10817,0
10818,0
10819,0
10820,0
10821,0
10822,0
10823,0
10824,0
10825,0
10826,0
10827,0
10828,0
10829,0
10830,1
10831,1
10832,1
10833,1
10834,0
10836,1
10837,1
10838,1
10839,1
10840,1
10842,0
10845,1
10846,0
10847,1
10851,1
10852,1
10853,1
10854,1
10856,1
10857,0
10858,1
10859,1
10861,1
10862,1
10863,1
10864,1
10865,1
10867,1
10868,1
10869,1
10870,1
10871,1
10872,0
10873,1
10874,0
10875,1
10876,1
10877,1
10879,1
10880,1
10881,1
10882,1
10883,1
10886,0
10887,0
10888,0
10889,0
10890,1
10891,1
10892,0
10894,1
10895,1
10896,1
10897,1
10898,1
10899,1
10900,1
10904,1
10905,1
10906,1
10907,1
10908,1
10909,1
10910,1
10911,1
10912,1
10913,1
10914,1
10915,1
10916,0
10917,1
10918,1
10919,1
10920,1
10921,1
10922,1
10923,0
10924,1
10925,1
10926,1
10927,1
10929,1
10930,1
10931,1
10932,1
10933,1
10935,1
10936,0
10937,0
10938,0
10939,0
10940,0
10941,0
10942,1
10943,1
10945,0
10946,0
10947,0
10948,1
10949,0
10950,0
10951,0
10952,0
10953,1
10954,1
10955,1
10956,0
10957,0
10958,0
10959,1
10960,0
10961,1
10962,0
10963,1
10964,1
10966,1
10967,1
10968,1
10969,1
10970,1
10971,1
10972,1
10973,1
10974,0
10976,0
10977,0
10978,0
10980,0
10981,0
10982,0
10983,1
10984,0
10985,0
10986,0
10987,0
10988,0
10989,0
10990,0
10991,0
10992,0
10993,0
10995,1
10996,1
10997,1
10998,0
10999,0
11000,0
11001,0
11002,0
11003,1
11004,0
11005,0
11006,0
11007,0
11009,0
11011,1
11012,1
11013,1
11014,1
11015,1
11016,1
11018,1
11019,0
11020,0
11021,0
11022,1
11023,1
11024,1
11025,1
11028,1
11029,1
11030,1
11031,1
11032,1
11034,0
11035,0
11036,0
11037,0
11038,0
11039,0
11040,0
11041,0
11042,0
11043,1
11044,1
11048,1
11049,1
11050,1
11051,1
11053,1
11054,1
11055,1
11056,1
11057,1
11058,1
11059,1
11060,1
11061,1
11066,1
11068,0
11070,1
11071,1
11073,1
11074,1
11075,1
11076,1
11078,1
11081,1
11082,1
11083,1
11085,1
11086,1
11088,1
11089,1
11090,1
11091,1
11095,1
11096,1
11097,1
11098,1
11099,1
11101,1
11102,1
11103,1
11104,1
11105,1
11107,0
11109,1
11110,1
11111,0
11112,0
11115,1
11116,1
11117,1
11118,1
11120,1
11121,1
11122,1
11123,1
11124,1
11125,1
11126,1
11127,1
11128,1
11129,1
11130,0
11131,0
11132,1
11133,1
11135,1
11136,0
11138,1
11140,1
11141,1
11142,1
11143,0
11144,1
11145,1
11146,1
11147,1
11148,1
11149,0
11150,1
11151,0
11152,1
11154,0
11157,1
11158,1
11159,1
11160,1
11161,0
11162,0
11163,1
11164,0
11165,0
11166,1
11167,1
11168,1
11170,0
11172,1
11173,1
11174,1
11176,1
11177,0
11179,1
11180,1
11181,1
11182,1
11183,1
11184,1
11185,1
11186,1
11187,1
11188,1
11189,1
11190,1
11191,1
11193,1
11194,1
11195,1
11197,0
11198,0
11199,0
11200,0
11201,0
11202,0
11203,0
11204,1
11205,1
11206,1
11207,1
11208,0
11209,1
11210,1
11211,1
11212,1
11213,1
11214,1
11215,1
11216,1
11217,1
11220,1
11222,1
11223,1
11224,1
11225,1
11226,1
11228,1
11232,1
11233,1
11234,0
11235,0
11236,0
11237,0
11238,0
11239,0
11240,0
11242,1
11244,1
11245,1
11246,0
11247,1
11248,1
11249,1
11250,1
11251,1
11252,1
11254,1
11255,1
11258,1
11260,1
11261,0
11262,1
11263,1
11264,1
11265,1
11266,1
11267,1
11268,1
11269,1
11270,1
11271,0
11273,1
11274,1
11275,1
11276,1
11277,1
11278,1
11279,1
11280,1
11281,1
11282,1
11283,0
11284,1
11285,1
11286,1
11287,1
11288,1
11289,1
11290,1
11291,0
11292,1
11293,1
11294,1
11295,1
11298,1
11299,1
11300,1
11301,1
11302,1
11303,0
11304,0
11305,1
11308,0
11309,1
11310,1
11311,1
11314,1
11317,0
11319,1
11320,0
11321,0
11322,0
11323,0
11324,0
11325,0
11326,0
11327,0
11328,0
11330,0
11331,0
11332,0
11333,0
11334,0
11335,0
11336,1
11337,1
11338,1
11339,1
11340,1
11341,1
11342,1
11344,1
11345,1
11346,0
11347,1
11348,1
11349,1
11350,1
11351,0
11352,1
11353,1
11354,1
11355,1
11356,1
11357,1
11358,1
11359,1
11360,0
11362,1
11363,1
11364,1
11365,1
11366,1
11367,0
11369,1
11370,1
11372,1
11373,1
11374,1
11375,1
11376,0
11377,1
11378,1
11379,1
11380,1
11381,1
11382,1
11383,1
11384,1
11385,1
11386,0
11387,1
11388,1
11390,1
11391,1
11395,1
11396,0
11397,1
11398,0
11399,1
11400,1
11401,0
11403,1
11405,1
11406,1
11407,0
11409,1
11410,1
11411,1
11412,0
11414,1
11415,1
11416,0
11417,0
11418,0
11419,0
11420,1
11421,0
11422,0
11423,1
11424,1
11425,0
11427,1
11428,1
11429,1
11430,1
11431,1
11432,1
11434,1
11435,1
11436,1
11437,1
11438,1
11439,1
11440,1
11441,1
11443,1
11444,0
11445,0
11446,0
11447,0
11448,0
11449,0
11450,0
11452,1
11453,1
11454,0
11455,1
11456,1
11457,0
11459,0
11460,0
11461,0
11462,1
11463,1
11464,1
11465,1
11466,1
11467,0
11468,1
11469,0
11470,1
11471,1
11472,1
11474,1
11475,1
11476,1
11477,1
11478,1
11479,1
11481,0
11482,0
11483,1
11484,1
11487,0
11488,1
11490,0
11491,1
11492,1
11493,1
11494,1
11495,1
11496,1
11497,0
11498,0
11499,1
11500,1
11501,1
11502,1
11503,1
11505,1
11506,1
11509,0
11510,0
11511,0
11512,0
11513,0
11514,0
11515,0
11516,0
11517,0
11518,0
11519,1
11520,1
11521,0
11522,1
11523,1
11524,1
11526,1
11528,1
11529,0
11530,1
11531,1
11534,1
11535,1
11536,1
11538,1
11539,1
11540,1
11541,1
11542,1
11543,0
11544,1
11545,0
11546,0
11547,0
11548,1
11549,0
11550,0
11551,0
11552,0
11553,0
11554,0
11555,1
11556,1
11558,1
11560,1
11561,1
11562,1
11563,1
11564,1
11565,0
11566,0
11567,1
11568,1
11569,1
11570,1
11571,1
11572,0
11573,1
11574,1
11575,1
11576,1
11577,1
11579,0
11580,1
11581,1
11583,1
11586,1
11587,0
11588,1
11589,0
11590,1
11591,1
11592,0
11593,0
11595,1
11596,1
11597,1
11598,1
11599,1
11600,1
11601,0
11602,1
11603,1
11604,1
11605,1
11610,0
11611,0
11612,0
11613,0
11614,0
11615,0
11616,0
11617,0
11618,0
11619,0
11620,0
11621,0
11622,0
11623,0
11624,0
11625,0
11626,0
11627,0
11628,0
11629,0
11630,0
11631,0
11632,0
11633,0
11634,0
11635,0
11636,0
11637,0
11638,0
11639,0
11640,0
11641,0
11642,0
11643,0
11644,0
11645,0
11646,0
11647,0
11648,0
11649,1
11650,1
11652,1
11654,1
11655,0
11656,1
11657,1
11658,1
11659,1
11661,1
11663,1
11664,1
11665,1
11666,1
11667,0
11669,1
11670,1
11671,1
11672,0
11673,1
11675,0
11676,1
11677,1
11678,1
11679,1
11684,1
11685,1
11686,0
11687,1
11688,0
11689,1
11690,0
11691,0
11692,1
11693,1
11694,0
11695,1
11696,1
11697,0
11699,1
11701,1
11702,1
11704,0
11705,1
11706,0
11708,0
11709,0
11710,1
11711,1
11712,1
11713,0
11714,1
11715,1
11717,1
11719,1
11720,0
11721,1
11722,0
11723,1
11725,1
11727,0
11728,1
11729,1
11731,1
11732,0
11733,1
11735,1
11737,1
11738,1
11739,0
11741,1
11742,1
11743,1
11745,1
11746,1
11747,1
11748,1
11749,1
11750,1
11751,1
11752,1
11754,1
11756,1
11757,0
11758,1
11761,1
11762,1
11763,1
11764,0
11768,1
11769,1
11770,1
11772,1
11773,1
11774,0
11775,0
11776,0
11778,0
11779,0
11780,0
11781,0
11784,1
11785,1
11786,1
11788,1
11789,1
11790,1
11792,1
11793,1
11794,1
11795,1
11796,1
11797,1
11798,1
11799,1
11802,1
11803,1
11804,1
11805,1
11806,1
11808,1
11809,1
11810,1
11811,1
11812,1
11814,1
11815,1
11816,1
11817,1
11818,1
11819,1
11820,0
11821,1
11822,1
11823,1
11824,1
11825,1
11826,1
11827,1
11828,1
11829,1
11830,0
11831,0
11832,1
11833,1
11834,0
11835,0
11836,1
11837,1
11838,0
11839,0
11840,0
11841,1
11842,0
11843,0
11845,1
11846,1
11847,1
11848,0
11849,0
11853,0
11855,0
11857,1
11859,0
11860,1
11862,1
11864,1
11866,1
11869,1
11870,1
11871,1
11874,1
11876,1
11879,1
11880,0
11881,1
11882,1
11884,1
11885,1
11886,1
11887,1
11890,1
11891,0
11892,1
11893,0
11895,1
11896,1
11898,1
11899,1
11902,0
11904,1
11905,0
11906,0
11907,0
11908,0
11909,0
11910,0
11911,0
11913,0
11914,0
11916,0
11917,0
11918,0
11919,0
11920,0
11921,0
11922,0
11923,0
11924,0
11925,0
11926,0
11927,0
11928,0
11929,0
11931,0
11933,0
11934,0
11936,0
11937,0
11938,0
11939,0
11940,0
11941,1
11942,0
11943,1
11944,0
11945,1
11946,1
11947,1
11949,1
11950,0
11951,1
11952,1
11953,1
11954,0
11956,0
11958,0
11959,0
11960,0
11961,0
11962,1
11963,1
11965,1
11967,1
11968,0
11974,1
11975,1
11978,1
11979,1
11980,0
11981,1
11982,1
11983,1
11984,0
11985,0
11987,1
11988,0
11989,1
11990,1
11991,1
11992,0
11993,0
11995,1
11996,0
11997,0
11998,0
12000,0
12001,0
12003,0
12004,0
12005,0
12006,0
12007,0
12008,0
12009,0
12010,0
12011,0
12012,0
12013,0
12014,0
12015,0
12016,0
12017,0
12018,0
12020,0
12021,0
12022,0
12023,0
12024,0
12026,0
12027,0
12028,0
12030,1
12032,1
12033,1
12034,1
12035,1
12036,1
12037,1
12038,0
12039,1
12040,1
12041,0
12042,1
12043,0
12044,1
12046,0
12047,0
12048,1
12049,1
12050,0
12051,0
12053,0
12054,0
12055,0
12056,0
12057,0
12058,0
12059,0
12060,0
12061,0
12062,0
12063,0
12064,0
12065,0
12066,0
12067,0
12068,0
12069,0
12070,0
12071,0
12072,0
12074,0
12076,0
12077,0
12078,0
12079,0
12080,0
12083,0
12084,0
12085,0
12086,0
12087,0
12088,0
12089,0
12090,0
12092,0
12093,0
12095,0
12096,0
12097,0
12098,0
12100,1
12102,1
12103,0
12106,0
12107,0
12109,1
12112,1
12113,1
12114,1
12116,1
12117,1
12119,1
12120,1
12121,1
12122,1
12123,0
12124,1
12125,1
12127,1
12128,1
12129,1
12131,1
12132,1
12133,1
12134,1
12135,1
12136,1
12137,1
12138,1
12139,1
12140,1
12142,0
12143,1
12144,0
12145,0
12146,1
12147,1
12148,1
12149,1
12150,1
12151,1
12152,1
12154,1
12155,1
12156,1
12158,1
12159,1
12160,1
12162,1
12163,0
12165,1
12166,0
12168,0
12169,1
12170,1
12171,0
12172,0
12173,0
12174,1
12176,1
12177,0
12178,1
12180,0
12181,0
12182,0
12183,0
12184,1
12185,1
12186,0
12187,0
12188,1
12189,0
12190,0
12191,1
12192,1
12193,1
12194,1
12195,1
12196,1
12197,1
12198,0
12199,1
12200,1
12201,1
12202,1
12203,1
12204,0
12205,0
12206,0
12208,0
12210,0
12211,0
12212,0
12213,0
12214,0
12215,0
12216,0
12217,0
12218,1
12219,1
12220,1
12221,1
12222,1
12223,0
12224,0
12225,1
12226,0
12227,0
12228,0
12229,0
12230,0
12231,0
12232,1
12233,1
12234,1
12235,1
12236,1
12237,1
12238,1
12239,1
12240,1
12241,1
12242,1
12243,1
12247,1
12248,1
12249,1
12250,1
12251,1
12252,0
12253,0
12256,0
12257,0
12258,0
12259,0
12260,0
12261,0
12262,1
12264,1
12266,1
12267,1
12268,0
12270,0
12271,0
12272,0
12273,0
12274,0
12275,0
12276,0
12277,1
12278,1
12279,1
12280,0
12281,0
12282,0
12284,1
12285,1
12286,1
12287,1
12290,0
12291,1
12292,0
12293,0
12294,1
12295,1
12296,1
12297,1
12298,1
12299,1
12301,0
12302,0
12303,0
12304,0
12306,0
12307,1
12308,1
12309,0
12313,0
12314,0
12315,0
12316,1
12317,1
12324,0
12325,0
12326,0
12327,0
12328,0
12330,1
12331,1
12332,1
12333,0
12335,1
12336,1
12339,1
12340,1
12342,1
12344,1
12345,1
12346,1
12348,0
12349,0
12350,0
12351,0
12352,0
12353,0
12354,0
12355,0
12356,1
12357,1
12358,1
12359,1
12360,1
12361,0
12362,1
12363,1
12364,0
12365,1
12366,1
12368,1
12370,0
12371,1
12372,1
12373,0
12374,0
12375,0
12376,0
12377,1
12378,1
12379,1
12380,1
12381,0
12382,0
12383,1
12384,0
12385,1
12386,0
12387,1
12388,1
12389,0
12390,0
12392,0
12393,0
12394,1
12396,1
12397,1
12398,1
12399,1
12402,0
12404,0
12406,1
12407,1
12410,0
12411,1
12412,0
12413,1
12415,1
12416,0
12417,1
12418,1
12419,1
12420,1
12421,1
12424,0
12425,0
12426,0
12427,0
12428,0
12429,0
12430,0
12431,0
12432,0
12433,0
12434,0
12435,1
12436,1
12438,1
12439,1
12440,1
12441,0
12442,0
12444,0
12445,1
12447,1
12448,1
12449,1
12450,1
12451,1
12452,1
12453,1
12455,1
12456,1
12457,1
12458,1
12459,1
12460,1
12461,0
12462,1
12465,1
12466,1
12467,1
12468,0
12469,1
12471,1
12472,1
12473,1
12474,1
12475,1
12477,0
12478,0
12480,0
12481,0
12482,0
12483,0
12484,0
12485,0
12486,0
12487,0
12488,0
12489,0
12490,0
12491,0
12492,0
12493,0
12494,0
12495,0
12496,0
12497,0
12498,0
12499,0
12500,0
12501,0
12502,1
12503,1
12504,1
12505,1
12506,1
12507,1
12508,1
12510,0
12511,1
12512,1
12513,1
12514,1
12515,1
12516,1
12517,1
12518,0
12519,0
12520,0
12521,0
12522,1
12523,0
12526,0
12528,1
12529,1
12530,1
12531,0
12532,1
12536,0
12537,0
12539,1
12540,1
12541,1
12546,1
12550,1
12551,0
12552,0
12553,1
12554,1
12556,0
12557,1
12558,1
12559,1
12561,1
12562,1
12563,1
12565,1
12566,0
12567,1
12569,0
12570,0
12571,0
12572,0
12574,0
12575,0
12576,0
12577,0
12578,0
12579,0
12580,0
12581,0
12582,0
12583,0
12584,0
12585,0
12586,0
12587,0
12589,0
12590,0
12591,0
12592,0
12593,0
12594,0
12595,0
12596,0
12597,0
12598,0
12599,0
12600,0
12601,0
12602,0
12603,0
12604,0
12605,0
12606,0
12607,0
12608,0
12609,0
12610,0
12611,0
12612,0
12613,1
12614,0
12615,1
12616,1
12617,1
12618,0
12619,1
12620,0
12621,1
12622,1
12623,1
12624,1
12625,1
12626,1
12627,1
12628,1
12631,0
12632,1
12633,1
12634,0
12635,1
12636,1
12637,1
12638,1
12639,1
12640,1
12641,1
12643,1
12644,0
12645,1
12646,1
12647,1
12648,1
12649,1
12652,1
12653,1
12654,1
12655,1
12656,1
12657,1
12659,0
12660,0
12661,0
12662,0
12663,0
12664,0
12665,0
12666,0
12667,0
12668,0
12669,0
12670,0
12671,0
12672,1
12673,0
12674,0
12675,1
12676,1
12678,1
12679,1
12680,1
12681,1
12682,1
12683,1
12684,1
12685,1
12686,1
12687,1
12688,1
12689,1
12690,1
12691,1
12693,1
12694,1
12695,1
12696,1
12697,1
12698,1
12699,1
12700,1
12701,1
12702,1
12703,1
12706,1
12707,1
12709,1
12710,1
12711,1
12713,1
12714,1
12715,1
12716,1
12717,1
12719,1
12720,1
12721,1
12723,1
12724,1
12725,1
12726,1
12727,1
12729,1
12730,1
12731,1
12732,1
12733,1
12735,1
12736,0
12737,1
12738,1
12740,1
12741,1
12742,0
12743,0
12744,1
12745,1
12746,1
12747,1
12748,1
12749,1
12750,1
12751,1
12752,1
12753,0
12754,1
12755,1
12756,0
12757,1
12758,1
12759,0
12760,1
12761,1
12764,1
12765,1
12766,1
12767,1
12768,1
12769,1
12770,1
12771,1
12772,1
12773,1
12774,1
12776,1
12777,1
12778,1
12779,0
12780,0
12781,1
12782,1
12783,1
12784,0
12785,1
12786,1
12787,1
12788,1
12789,1
12790,1
12791,0
12792,0
12793,0
12794,0
12795,1
12796,1
12797,0
12798,1
12799,1
12800,0
12801,1
12802,1
12803,0
12804,1
12805,1
12808,0
12809,1
12810,1
12811,1
12812,0
12813,1
12814,1
12815,1
12816,1
12817,1
12818,1
12819,1
12820,1
12821,1
12822,1
12823,1
12824,1
12825,1
12826,1
12827,1
12828,1
12829,1
12830,1
12831,0
12833,1
12834,1
12835,1
12837,0
12838,1
12839,1
12840,1
12841,1
12843,1
12844,1
12846,0
12848,1
12849,0
12850,1
12851,0
12852,1
12853,1
12854,1
12855,1
12857,0
12858,0
12859,0
12861,0
12862,0
12866,1
12867,1
12868,1
12869,0
12870,1
12871,1
12873,0
12875,0
12877,1
12879,0
12881,1
12882,1
12883,1
12885,1
12888,1
12893,1
12894,1
12895,1
12897,1
12902,0
12903,0
12904,0
12905,0
12906,0
12907,0
12908,0
12909,0
12910,0
12911,0
12912,0
12913,0
12914,0
12915,0
12916,0
12917,0
12918,0
12919,0
12920,0
12921,0
12922,0
12923,0
12924,0
12925,0
12927,0
12928,0
12929,0
12930,0
12931,0
12932,0
12933,0
12934,0
12935,0
12936,0
12937,0
12938,0
12939,0
12940,0
12941,0
12942,0
12943,0
12944,0
12945,0
12946,0
12947,0
12948,0
12949,0
12950,0
12951,0
12953,0
12954,0
12955,0
12956,0
12957,0
12958,0
12959,0
12960,0
12961,0
12962,0
12963,0
12964,0
12965,0
12966,0
12967,0
12968,0
12969,0
12970,0
12971,0
12972,0
12973,0
12974,0
12975,0
12976,0
12977,0
12978,0
12979,0
12980,0
12981,0
12982,0
12983,0
12984,0
12985,0
12986,0
12987,0
12988,0
12989,0
12990,0
12991,0
12992,0
12993,0
12994,0
12995,0
12996,0
12997,0
12998,0
12999,0
13000,0
13001,0
13003,0
13004,0
13005,0
13006,0
13007,0
13008,0
13009,0
13010,0
13011,0
13012,0
13013,0
13014,0
13015,0
13016,0
13017,0
13018,0
13019,0
13020,0
13021,0
13022,0
13023,0
13024,0
13025,0
13027,0
13028,0
13029,0
13030,0
13031,0
13032,0
13033,0
13034,0
13035,0
13036,0
13037,0
13038,0
13039,0
13040,0
13042,0
13043,0
13044,0
13045,0
13046,0
13047,0
13048,0
13049,0
13050,0
13051,0
13052,0
13053,0
13054,0
13055,0
13056,0
13057,0
13058,0
13059,0
13060,0
13061,0
13062,0
13063,0
13064,0
13065,0
13066,0
13067,0
13068,0
13069,0
13070,0
13071,0
13072,0
13073,0
13074,0
13075,0
13076,0
13077,0
13078,0
13079,0
13080,0
13081,0
13082,0
13083,0
13084,0
13085,1
13086,1
13087,1
13088,0
13089,1
13090,1
13091,1
13092,1
13093,1
13094,0
13095,0
13096,1
13097,1
13098,1
13099,0
13100,1
13101,1
13102,1
13103,1
13104,0
13105,1
13106,0
13108,1
13109,1
13110,1
13111,1
13112,1
13113,1
13114,0
13115,1
13116,0
13117,1
13118,1
13119,1
13120,1
13122,1
13124,1
13125,1
13127,1
13129,1
13130,1
13133,1
13134,1
13136,1
13137,1
13138,1
13139,1
13141,1
13142,1
13143,1
13144,0
13145,0
13146,0
13147,1
13150,0
13151,1
13152,0
13153,1
13154,1
13155,1
13157,1
13159,1
13160,0
13161,1
13162,1
13163,1
13164,1
13165,1
13166,1
13167,1
13169,1
13170,1
13171,1
13172,1
13174,1
13175,1
13176,1
13178,0
13179,1
13181,1
13184,0
13185,0
13186,1
13187,1
13188,1
13189,1
13190,1
13191,1
13192,1
13193,1
13194,1
13195,1
13196,0
13197,0
13198,0
13199,0
13201,0
13202,0
13203,0
13204,0
13205,0
13206,0
13207,0
13208,0
13209,0
13210,0
13211,0
13212,0
13213,0
13214,0
13215,0
13216,0
13217,0
13218,0
13219,0
13220,0
13221,0
13222,0
13223,0
13224,0
13225,1
13226,0
13227,0
13228,1
13229,0
13230,0
13231,1
13232,0
13234,0
13236,1
13237,0
13238,0
13239,0
13240,1
13241,1
13242,0
13243,1
13244,0
13245,0
13246,0
13248,0
13249,0
13250,0
13251,0
13252,0
13253,0
13254,0
13255,0
13256,1
13257,1
13259,0
13260,0
13261,0
13262,0
13263,0
13265,0
13267,0
13268,0
13269,0
13270,0
13272,0
13273,0
13274,0
13275,1
13276,0
13278,0
13279,0
13280,0
13281,0
13282,0
13283,0
13284,0
13285,0
13286,0
13287,0
13289,0
13290,0
13291,0
13292,1
13293,0
13294,0
13295,0
13296,0
13297,1
13298,0
13299,0
13301,1
13302,0
13303,0
13304,0
13305,0
13307,1
13308,0
13309,0
13310,1
13311,0
13312,0
13313,1
13314,0
13316,0
13317,0
13318,0
13319,0
13320,0
13322,0
13325,1
13326,0
13327,0
13328,0
13329,0
13330,1
13331,0
13332,1
13333,1
13334,1
13335,0
13336,1
13337,0
13338,1
13339,0
13340,1
13341,0
13342,0
13343,1
13345,1
13346,0
13347,1
13348,0
13349,0
13351,1
13352,1
13354,1
13355,1
13356,1
13357,1
13358,1
13359,1
13360,1
13361,0
13362,1
13363,1
13364,1
13365,1
13367,1
13368,1
13369,1
13370,1
13371,0
13372,1
13373,1
13374,1
13376,1
13377,0
13378,1
13382,0
13383,0
13384,1
13385,1
13386,1
13387,1
13389,1
13390,1
13392,0
13393,1
13395,1
13396,1
13398,1
13399,1
13400,1
13401,1
13402,1
13403,1
13404,1
13405,1
13406,1
13407,1
13408,1
13410,1
13411,1
13412,1
13413,1
13415,1
13416,1
13417,1
13418,1
13419,1
13420,0
13421,1
13423,1
13424,1
13427,1
13429,1
13430,1
13431,0
13433,1
13434,1
13435,1
13436,1
13437,1
13438,1
13439,1
13440,1
13441,1
13443,0
13444,0
13445,1
13446,1
13447,1
13449,0
13450,0
13451,1
13452,1
13453,0
13454,0
13455,0
13456,1
13457,0
13458,1
13459,1
13460,1
13463,0
13464,1
13465,0
13466,1
13467,0
13468,0
13469,1
13470,0
13471,0
13472,1
13474,0
13476,0
13477,1
13478,0
13479,1
13480,1
13481,1
13482,1
13483,0
13484,1
13485,1
13486,1
13487,1
13488,1
13490,1
13493,1
13495,1
13496,1
13497,1
13498,1
13499,1
13500,1
13501,1
13502,1
13504,1
13505,1
13506,1
13507,1
13508,1
13509,1
13510,1
13511,1
13513,1
13514,1
13515,1
13518,1
13519,1
13521,0
13522,1
13523,1
13526,1
13527,1
13529,1
13530,1
13531,1
13532,1
13533,1
13535,1
13536,1
13537,1
13538,1
13539,1
13540,1
13541,1
13542,1
13543,1
13544,1
13545,1
13546,1
13548,1
13549,1
13550,0
13551,0
13552,0
13553,0
13554,0
13555,0
13556,0
13557,0
13558,0
13559,0
13560,0
13561,0
13562,0
13563,0
13564,0
13565,0
13566,0
13567,0
13568,0
13569,0
13570,0
13571,0
13572,0
13573,0
13574,0
13575,0
13576,0
13577,0
13578,0
13579,0
13580,0
13581,0
13582,0
13583,1
13584,1
13585,1
13586,1
13587,0
13589,1
13590,1
13591,1
13592,1
13593,1
13595,0
13598,1
13599,0
13600,1
13604,1
13605,1
13606,1
13607,1
13609,1
13610,0
13611,1
13612,1
13614,1
13615,1
13616,1
13617,1
13618,1
13620,1
13621,1
13622,1
13623,1
13624,1
13625,0
13626,1
13627,0
13628,1
13629,1
13630,1
13632,1
13633,1
13634,1
13635,1
13636,1
13639,0
13640,0
13641,0
13642,0
13643,1
13644,1
13645,0
13647,1
13648,1
13649,1
13650,1
13651,1
13652,1
13653,1
13657,1
13658,1
13659,1
13660,1
13661,1
13662,1
13663,1
13664,1
13665,1
13666,1
13667,1
13668,1
13669,0
13670,1
13671,1
13672,1
13673,1
13674,1
13675,1
13676,0
13677,1
13678,1
13679,1
13680,1
13682,1
13683,1
13684,1
13685,1
13686,1
13688,1
13689,0
13690,0
13691,0
13692,0
13693,0
13694,0
13695,1
13696,1
13698,0
13699,0
13700,0
13701,1
13702,0
13703,0
13704,0
13705,0
13706,1
13707,1
13708,1
13709,0
13710,0
13711,0
13712,1
13713,0
13714,1
13715,0
13716,1
13717,1
13719,1
13720,1
13721,1
13722,1
13723,1
13724,1
13725,1
13726,1
13727,0
13729,0
13730,0
13731,0
13733,0
13734,0
13735,0
13736,1
13737,0
13738,0
13739,0
13740,0
13741,0
13742,0
13743,0
13744,0
13745,0
13746,0
13748,1
13749,1
13750,1
13751,0
13752,0
13753,0
13754,0
13755,0
13756,1
13757,0
13758,0
13759,0
13760,0
13762,0
13764,1
13765,1
13766,1
13767,1
13768,1
13769,1
13771,1
13772,0
13773,0
13774,0
13775,1
13776,1
13777,1
13778,1
13781,1
13782,1
13783,1
13784,1
13785,1
13787,0
13788,0
13789,0
13790,0
13791,0
13792,0
13793,0
13794,0
13795,0
13796,1
13797,1
13801,1
13802,1
13803,1
13804,1
13806,1
13807,1
13808,1
13809,1
13810,1
13811,1
13812,1
13813,1
13814,1
13819,1
13821,0
13823,1
13824,1
13826,1
13827,1
13828,1
13829,1
13831,1
13834,1
13835,1
13836,1
13838,1
13839,1
13841,1
13842,1
13843,1
13844,1
13848,1
13849,1
13850,1
13851,1
13852,1
13854,1
13855,1
13856,1
13857,1
13858,1
13860,0
13862,1
13863,1
13864,0
13865,0
13868,1
13869,1
13870,1
13871,1
13873,1
13874,1
13875,1
13876,1
13877,1
13878,1
13879,1
13880,1
13881,1
13882,1
13883,0
13884,0
13885,1
13886,1
13888,1
13889,0
13891,1
13893,1
13894,1
13895,1
13896,0
13897,1
13898,1
13899,1
13900,1
13901,1
13902,0
13903,1
13904,0
13905,1
13907,0
13910,1
13911,1
13912,1
13913,1
13914,0
13915,0
13916,1
13917,0
13918,0
13919,1
13920,1
13921,1
13923,0
13925,1
13926,1
13927,1
13929,1
13930,0
13932,1
13933,1
13934,1
13935,1
13936,1
13937,1
13938,1
13939,1
13940,1
13941,1
13942,1
13943,1
13944,1
13946,1
13947,1
13948,1
13950,0
13951,0
13952,0
13953,0
13954,0
13955,0
13956,0
13957,1
13958,1
13959,1
13960,1
13961,0
13962,1
13963,1
13964,1
13965,1
13966,1
13967,1
13968,1
13969,1
13970,1
13973,1
13975,1
13976,1
13977,1
13978,1
13979,1
13981,1
13985,1
13986,1
13987,0
13988,0
13989,0
13990,0
13991,0
13992,0
13993,0
13995,1
13997,1
13998,1
13999,0
14000,1
14001,1
14002,1
14003,1
14004,1
14005,1
14007,1
14008,1
14011,1
14013,1
14014,0
14015,1
14016,1
14017,1
14018,1
14019,1
14020,1
14021,1
14022,1
14023,1
14024,0
14026,1
14027,1
14028,1
14029,1
14030,1
14031,1
14032,1
14033,1
14034,1
14035,1
14036,0
14037,1
14038,1
14039,1
14040,1
14041,1
14042,1
14043,1
14044,0
14045,1
14046,1
14047,1
14048,1
14051,1
14052,1
14053,1
14054,1
14055,1
14056,0
14057,0
14058,1
14061,0
14062,1
14063,1
14064,1
14067,1
14070,0
14072,1
14073,0
14074,0
14075,0
14076,0
14077,0
14078,0
14079,0
14080,0
14081,0
14083,0
14084,0
14085,0
14086,0
14087,0
14088,0
14089,1
14090,1
14091,1
14092,1
14093,1
14094,1
14095,1
14097,1
14098,1
14099,0
14100,1
14101,1
14102,1
14103,1
14104,0
14105,1
14106,1
14107,1
14108,1
14109,1
14110,1
14111,1
14112,1
14113,0
14115,1
14116,1
14117,1
14118,1
14119,1
14120,0
14122,1
14123,1
14125,1
14126,1
14127,1
14128,1
14129,0
14130,1
14131,1
14132,1
14133,1
14134,1
14135,1
14136,1
14137,1
14138,1
14139,0
14140,1
14141,1
14143,1
14144,1
14148,1
14149,0
14150,1
14151,0
14152,1
14153,1
14154,0
14156,1
14158,1
14159,1
14160,0
14162,1
14163,1
14164,1
14165,0
14167,1
14168,1
14169,0
14170,0
14171,0
14172,0
14173,1
14174,0
14175,0
14176,1
14177,1
14178,0
14180,1
14181,1
14182,1
14183,1
14184,1
14185,1
14187,1
14188,1
14189,1
14190,1
14191,1
14192,1
14193,1
14194,1
14196,1
14197,0
14198,0
14199,0
14200,0
14201,0
14202,0
14203,0
14205,1
14206,1
14207,0
14208,1
14209,1
14210,0
14212,0
14213,0
14214,0
14215,1
14216,1
14217,1
14218,1
14219,1
14220,0
14221,1
14222,0
14223,1
14224,1
14225,1
14227,1
14228,1
14229,1
14230,1
14231,1
14232,1
14234,0
14235,0
14236,1
14237,1
14240,0
14241,1
14243,0
14244,1
14245,1
14246,1
14247,1
14248,1
14249,1
14250,0
14251,0
14252,1
14253,1
14254,1
14255,1
14256,1
14258,1
14259,1
14262,0
14263,0
14264,0
14265,0
14266,0
14267,0
14268,0
14269,0
14270,0
14271,0
14272,1
14273,1
14274,0
14275,1
14276,1
14277,1
14279,1
14281,1
14282,0
14283,1
14284,1
14287,1
14288,1
14289,1
14291,1
14292,1
14293,1
14294,1
14295,1
14296,0
14297,1
14298,0
14299,0
14300,0
14301,1
14302,0
14303,0
14304,0
14305,0
14306,0
14307,0
14308,1
14309,1
14311,1
14313,1
14314,1
14315,1
14316,1
14317,1
14318,0
14319,0
14320,1
14321,1
14322,1
14323,1
14324,1
14325,0
14326,1
14327,1
14328,1
14329,1
14330,1
14332,0
14333,1
14334,1
14336,1
14339,1
14340,0
14341,1
14342,0
14343,1
14344,1
14345,0
14346,0
14348,1
14349,1
14350,1
14351,1
14352,1
14353,1
14354,0
14355,1
14356,1
14357,1
14358,1
14363,0
14364,0
14365,0
14366,0
14367,0
14368,0
14369,0
14370,0
14371,0
14372,0
14373,0
14374,0
14375,0
14376,0
14377,0
14378,0
14379,0
14380,0
14381,0
14382,0
14383,0
14384,0
14385,0
14386,0
14387,0
14388,0
14389,0
14390,0
14391,0
14392,0
14393,0
14394,0
14395,0
14396,0
14397,0
14398,0
14399,0
14400,0
14401,0
14402,1
14403,1
14405,1
14407,1
14408,0
14409,1
14410,1
14411,1
14412,1
14414,1
14416,1
14417,1
14418,1
14419,1
14420,0
14422,1
14423,1
14424,1
